@id,addr:housenumber,addr:street,amenity,cuisine,name,wheelchair,lon,lat,addr:postcode,addr:suburb,building,internet_access,opening_hours,phone,takeaway,website,@geometry,outdoor_seating,level,smoking,brand,brand:wikidata,brand:wikipedia,check_date,contact:facebook,email,website:menu,addr:unit,contact:instagram,addr:state,check_date:opening_hours,opening_hours:signed,fixme,tourism,wikidata,building:levels,roof:levels,drive_through,indoor_seating,name:ko,internet_access:fee,official_name,addr:city,air_conditioning,bar,brewery,min_age,outdoor_seating:comfort,toilets,shop,branch,ref,addr:country,changing_table,currency:USD,delivery,diet:gluten_free,diet:halal,diet:kosher,diet:lactose_free,diet:pescetarian,diet:vegan,diet:vegetarian,highchair,organic,payment:app,payment:cash,payment:contactless,payment:credit_cards,payment:debit_cards,reservation,stroller,toilets:wheelchair,contact:phone,contact:website,indoor,note,source,atm,brand:zh,drink,int_name,name:zh,diet:dairy_free,drink:wine,name:en,addr:housename,capacity,mobile,payment:card,payment:eftpos,alt_name,description,operator,start_date,contact:email,payment:coins,toilets:access,brand:en,phone:AU,short_name,level_ref,contact:tiktok,cafe,name:he,delivery:partner,delivery:partner:wikidata,internet_access:ssid,level:ref,office,drink:matcha,instagram
node/245806668,222,Pelham Street,cafe,sandwich;cake;coffee_shop,Books n Bites Cafe,no,144.9583162,-37.8017523,,,,,,,,,,,,,,,,,,,,,,,,,,,,,,,,,,,,,,,,,,,,,,,,,,,,,,,,,,,,,,,,,,,,,,,,,,,,,,,,,,,,,,,,,,,,,,,,,,,,,,,,
way/270522825,19,Somerset Place,cafe,jaffles;sandwich;salad;light_meals;no_kitchen;coffee_shop;exotic_coffee;tea_room,Cartel Coffee Roasters Melbourne,,144.9624151,-37.8138569,3000,Melbourne,yes,yes,Mo-Fr 07:00-16:00; Sa 08:00-15:30,+61 3 9670 4904,yes,https://www.coffeecartel.com.au/,center,,,,,,,,,,,,,,,,,,,,,,,,,,,,,,,,,,,,,,,,,,,,,,,,,,,,,,,,,,,,,,,,,,,,,,,,,,,,,,,,,,,,,,,,,,,,,,,
node/458702508,,Birdwood Avenue,cafe,,Jardin Tan,,144.9757359,-37.8296276,,,,,,+61 3 9691 3878,,https://www.jardintan.com.au/,,yes,,,,,,,,,,,,,,,,,,,,,,,,,,,,,,,,,,,,,,,,,,,,,,,,,,,,,,,,,,,,,,,,,,,,,,,,,,,,,,,,,,,,,,,,,,,,,,
node/570616542,,,cafe,,Espresso Bar International,yes,144.9551442,-37.8191459,,,,,,,only,,,,0,,,,,,,,,,,,,,,,,,,,,,,,,,,,,,,,,,,,,,,,,,,,,,,,,,,,,,,,,,,,,,,,,,,,,,,,,,,,,,,,,,,,,,,,,,,,,
node/578828287,,,cafe,,Royal Domain Caf?,,144.9710687,-37.8316581,,,,,,,yes,,,yes,,outside,,,,,,,,,,,,,,,,,,,,,,,,,,,,,,,,,,,,,,,,,,,,,,,,,,,,,,,,,,,,,,,,,,,,,,,,,,,,,,,,,,,,,,,,,,,,
node/578829102,,,cafe,,Dock Dot,,144.9710419,-37.8315437,,,,,,,,,,,,,,,,,,,,,,,,,,,,,,,,,,,,,,,,,,,,,,,,,,,,,,,,,,,,,,,,,,,,,,,,,,,,,,,,,,,,,,,,,,,,,,,,,,,,,,,,
node/592643659,,,cafe,,Fine Grind,,144.9652106,-37.8178708,,,,,,,,,,,,,,,,,,,,,,,,,,,,,,,,,,,,,,,,,,,,,,,,,,,,,,,,,,,,,,,,,,,,,,,,,,,,,,,,,,,,,,,,,,,,,,,,,,,,,,,,
node/592841894,,,cafe,,Two Fingers,,144.9693655,-37.8159946,,,,,,,,,,,,,,,,,,,,,,,,,,,,,,,,,,,,,,,,,,,,,,,,,,,,,,,,,,,,,,,,,,,,,,,,,,,,,,,,,,,,,,,,,,,,,,,,,,,,,,,,
node/595482856,140,Swanston Street,cafe,,Brunetti Oro,,144.9663757,-37.8142862,3000,Melbourne,retail,,,,,,,,,,,,,,,,,,,,,,,,,,,,,,,,,,,,,,,,,,,,,,,,,,,,,,,,,,,,,,,,,,,,,,,,,,,,,,,,,,,,,,,,,,,,,,,,,,,,,
node/598405140,,,cafe,,No. 136 Coffee,yes,144.9636713,-37.8149205,,,,,,,,,,,,,,,,,,,,,,,,,,,,,,,,,,,,,,,,,,,,,,,,,,,,,,,,,,,,,,,,,,,,,,,,,,,,,,,,,,,,,,,,,,,,,,,,,,,,,,,,
node/598405141,,,cafe,bubble_tea,MilkSha,,144.9637058,-37.8149917,,,,,,,,,,,,,,,,,,,,,,,,,,,,,,,,,,,,,,,,,,,,,,,,,,,,,,,,,,,,,,,,,,,,,,,,,,,,,,,,,,,,,,,,,,,,,,,,,,,,,,,,
node/607612350,,,cafe,,Soul Cafe,,144.965246,-37.813182,,,,,,,,,,,,,,,,,,,,,,,,,,,,,,,,,,,,,,,,,,,,,,,,,,,,,,,,,,,,,,,,,,,,,,,,,,,,,,,,,,,,,,,,,,,,,,,,,,,,,,,,
node/612771032,,,cafe,coffee_shop,Hudsons Coffee,,144.972162,-37.810099,,,,,,,yes,,,,,,Hudsons Coffee,Q5929076,en:Hudsons Coffee,,,,,,,,,,,,,,,,,,,,,,,,,,,,,,,,,,,,,,,,,,,,,,,,,,,,,,,,,,,,,,,,,,,,,,,,,,,,,,,,,,,,,,,,,
node/614492382,408,Bourke Street,cafe,,Corner & Bench,,144.961567,-37.814528,3000,Melbourne,,,Mo-Fr 07:30-15:00; Sa 08:00-14:00; Su off,+61 3 9602 4777,,https://www.cornerandbench.com/,,,,,,,,9/02/2026,https://www.facebook.com/Corner-Bench-523646301094104,team@cornerandbench.com,https://www.cornerandbench.com/menu,,,,,,,,,,,,,,,,,,,,,,,,,,,,,,,,,,,,,,,,,,,,,,,,,,,,,,,,,,,,,,,,,,,,,,,,,,,,,,,,,,,,,
node/614493844,13,Hardware Lane,cafe,,Jeremy's Caf?,,144.9615279,-37.8144274,3000,Melbourne,,,,,,,,,,,,,,,,,,,,,,,,,,,,,,,,,,,,,,,,,,,,,,,,,,,,,,,,,,,,,,,,,,,,,,,,,,,,,,,,,,,,,,,,,,,,,,,,,,,,,,
node/614502268,387,Little Bourke Street,cafe,,Cafe all' Angelo,,144.9613979,-37.8137805,3000,Melbourne,,,,,,,,,,,,,,,,,,,,,,,,,,,,,,,,,,,,,,,,,,,,,,,,,,,,,,,,,,,,,,,,,,,,,,,,,,,,,,,,,,,,,,,,,,,,,,,,,,,,,,
node/616546821,391,Little Lonsdale Street,cafe,,Kerbside Caffe,,144.9603455,-37.811806,3000,Melbourne,retail,,,,,,,,,,,,,,,,,Shop 3,,,,,,,,,,,,,,,,,,,,,,,,,,,,,,,,,,,,,,,,,,,,,,,,,,,,,,,,,,,,,,,,,,,,,,,,,,,,,,,,,,,,
node/617439485,45,William Street,cafe,,@ Cafe 45,,144.959211,-37.818494,,,,,Mo-Fr 06:30-16:00; Sa 07:30-15:00; Su off,+61 401 185 881,,https://cafe45william.com/,,,,,,,,8/02/2026,,,,,https://www.instagram.com/cafe45william,,,,,,,,,,,,,,,,,,,,,,,,,,,,,,,,,,,,,,,,,,,,,,,,,,,,,,,,,,,,,,,,,,,,,,,,,,,,,,,,,,,
node/621531633,180,William Street,cafe,,Tomm.,,144.9580058,-37.8147196,3000,Melbourne,,,,,,,,,,,,,,,,,,,,VIC,1/10/2024,no,,,,,,,,,,,,,,,,,,,,,,,,,,,,,,,,,,,,,,,,,,,,,,,,,,,,,,,,,,,,,,,,,,,,,,,,,,,,,,,,
node/622821208,669-671,Bourke Street,cafe,,Chaf's Cafe,,144.9540347,-37.8170742,,,,,,+61 3 9629 2296,yes,,,,,,,,,,,,,,,,,,confirm correct location,,,,,,,,,,,,,,,,,,,,,,,,,,,,,,,,,,,,,,,,,,,,,,,,,,,,,,,,,,,,,,,,,,,,,,,,,,,,,,,
node/633912823,,,cafe,french,Laurent Boulangerie Patisserie,yes,144.957603,-37.814938,,,,,,+61 3 9670 9779,,,,,,,,,,,,,,,,,,,,,,,,,,,,,,,,,,,,,,,,,,,,,,,,,,,,,,,,,,,,,,,,,,,,,,,,,,,,,,,,,,,,,,,,,,,,,,,,,,
node/634783040,555,Lonsdale Street,cafe,,Chintaroma,,144.9567012,-37.8140649,3000,,,,Mo-Fr 6:00-16:00,+61 3 9602 1925,,,,,,,,,,,,,,,,,,,,,,,,,,,,,,,,,,,,,,,,,,,,,,,,,,,,,,,,,,,,,,,,,,,,,,,,,,,,,,,,,,,,,,,,,,,,,,,,,,
node/635680801,,,cafe,,Xtraction,,144.956019,-37.812214,,,,,,+61 3 9642 2501,,,,,,,,,,,,,,,,,,,,,,,,,,,,,,,,,,,,,,,,,,,,,,,,,,,,,,,,,,,,,,,,,,,,,,,,,,,,,,,,,,,,,,,,,,,,,,,,,,
node/635683329,,,cafe,,Ka?fei,,144.9565904,-37.8127335,,,,,,+61 3 9600 1588,,,,,,,,,,,,,,,,,,,,,,,,,,,,,,,,,,,,,,,,,,,,,,,,,,,,,,,,,,,,,,,,,,,,,,,,,,,,,,,,,,,,,,,,,,,,,,,,,,
node/642333245,66,Bourke Street,cafe,,Pellegrini's,,144.971173,-37.811722,3000,Melbourne,retail,,,+61 3 9662 1885,,,,,,,,,,,,,,,,,,,,attraction,Q58481453,,,,,,,,,,,,,,,,,,,,,,,,,,,,,,,,,,,,,,,,,,,,,,,,,,,,,,,,,,,,,,,,,,,,,,,,,,,,,
node/660024090,,,cafe,,Brightside,,144.9554509,-37.8162882,,,,,Mo-Fr 07:00-14:00,,,,,,,,,,,15/02/2026,,,,,,,,,,,,,,,,,,,,,,,,,,,,,,,,,,,,,,,,,,,,,,,,,,,,,,,,,,,,,,,,,,,,,,,,,,,,,,,,,,,,,,,,
node/663504008,,,cafe,,A Kiss Xpresso,,144.9722311,-37.8152071,,,,,,,,,,,,,,,,,,,,,,,,,,,,,,,,,,,,,,,,,,,,,,,,,,,,,,,,,,,,,,,,,,,,,,,,,,,,,,,,,,,,,,,,,,,,,,,,,,,,,,,,
node/663542561,39,Bourke Street,cafe,,Lane's Edge,,144.972057,-37.811838,3000,Melbourne,,,,+61 3 9654 2409,,,,yes,,,,,,,,,,,,,,,,,,,,,,,,,,,,,,,,,,,,,,,,,,,,,,,,,,,,,,,,,,,,,,,,,,,,,,,,,,,,,,,,,,,,,,,,,,,,,,
way/674092405,,,cafe,,Island Root Kava Bar,,-80.6062399,28.0791445,,,yes,wlan,,,,,center,yes,,,,,,,,,,,,,,,,,,1,0,,,,,,,,,,,,,,,,,,,,,,,,,,,,,,,,,,,,,,,,,,,,,,,,,,,,,,,,,,,,,,,,,,,,,,,,,,,
node/679022408,,,cafe,,Time Out Cafe,yes,144.9683649,-37.8177683,,,,,,,,,,yes,0,,,,,,,,,,,,,,,,,,,,,,,,,,,,,,,,,,,,,,,,,,,,,,,,,,,,,,,,,,,,,,,,,,,,,,,,,,,,,,,,,,,,,,,,,,,,,
node/694983680,2,Bowen Crescent,cafe,,Miss Ella Coffee Shop,,144.973595,-37.834941,,,,,,+61 3 9866 1034,,,,,,,,,,,,,,,,,,,,,,,,,,,,,,,,,,,,,,,,,,,,,,,,,,,,,,,,,,,,,,,,,,,,,,,,,,,,,,,,,,,,,,,,,,,,,,,,,,
node/706906468,,,cafe,,Caf? Excello,yes,144.973293,-37.812532,,,,,,,,,,yes,,,,,,,,,,,,,,,,,,,,,,,,,,,,,,,,,,,,,,,,,,,,,,,,,,,,,,,,,,,,,,,,,,,,,,,,,,,,,,,,,,,,,,,,,,,,,,
node/706916611,,,cafe,,Coffee HQ,yes,144.967206,-37.818122,,,,,,,yes,http://coffeehq.com.au,,no,0,no,,,,,,,,,,,,,,,,,,no,yes,,,,,,,,,,,,,,,,,,,,,,,,,,,,,,,,,,,,,,,,,,,,,,,,,,,,,,,,,,,,,,,,,,,,,,,,,
node/706916689,,,cafe,,Baguette,yes,144.967288,-37.818329,,,,,,,,,,,0,,,,,,,,,,,,,,,,,,,,,,,,,,,,,,,,,,,,,,,,,,,,,,,,,,,,,,,,,,,,,,,,,,,,,,,,,,,,,,,,,,,,,,,,,,,,,
node/711750998,,,cafe,,,,144.9594788,-37.8118469,,,,,,,,,,,,,,,,,,,,,,,,,,,,,,,,,,,,,,,,,,,,,,,,,,,,,,,,,,,,,,,,,,,,,,,,,,,,,,,,,,,,,,,,,,,,,,,,,,,,,,,,
node/711751607,365,La Trobe Street,cafe,,Blaq,,144.9587623,-37.8112731,,,,,,+61 3 9600 4282,,,,,,,,,,,,,,,,,,,,,,,,,,,,,,,,,,,,,,,,,,,,,,,,,,,,,,,,,,,,,,,,,,,,,,,,,,,,,,,,,,,,,,,,,,,,,,,,,,
node/726966568,53,Lonsdale Street,cafe,,Kenny's Bakery Cafe,,144.9708523,-37.8099973,3000,,,,Mo-Fr 6:30-16:30,,,http://www.kennysbakerycafe.com.au/,,,,,,,,,,,,,,,,,,,,,,,,,,,,,,,,,,,,,,,,,,,,,,,,,,,,,,,,,,,,,,,,,,,,,,,,,,,,,,,,,,,,,,,,,,,,,,,,
node/726966581,,,cafe,,Healthy Nibbles,,144.970707,-37.810031,,,,,,,,,,,,,,,,,,,,,,,,,,,,,,,,,,,,,,,,,,,,,,,,,,,,,,,,,,,,,,,,,,,,,,,,,,,,,,,,,,,,,,,,,,,,,,,,,,,,,,,,
node/726967791,,,cafe,,The Maj,,144.969954,-37.810263,,,,,,,,,,,,,,,,,,,,,,,,,,,,,,,,,,,,,,,,,,,,,,,,,,,,,,,,,,,,,,,,,,,,,,,,,,,,,,,,,,,,,,,,,,,,,,,,,,,,,,,,
node/803090156,120,Collins Street,cafe,,Elements,,144.9688622,-37.8139145,,,,,,+61 3 9663 4663,,http://elementscatering.com.au/,,,,,,,,,,,,,,,,,,,,,,,,,,,,,,,,,,,,,,,,,,,,,,,,,,,,,,,,,,,,,,,,,,,,,,,,,,,,,,,,,,,,,,,,,,,,,,,,
node/812567325,2112A,Sarno Rd,cafe,,Indian River Coffee,,-80.6561172,28.1219726,,,,,,,,,,,,,,,,,,,,,,,,,,,,,,,,,,,,,,,,,,,,,,,,,,,,,,,,,,,,,,,,,,,,,,,,,,,,,,,,,,,,,,,,,,,,,,,,,,,,,,,,
node/836037828,57,Lonsdale Street,cafe,,Piadina Slowfood,,144.9707933,-37.8100779,,,,,,+61 3 9662 2277,,,,,,,,,,,,,,,,,,,,,,,,,,?????? ?????? ?????? ??????,,,,,,,,,,,,,,,,,,,,,,,,,,,,,,,,,,,,,,,,,,,,,,,,,,,,,,,,,,,,,,,,,,,,,,,,
node/844360239,295,Swanston Street,cafe,coffee_shop,Starbucks,,144.964367,-37.8112888,3000,Melbourne,,wlan,Mo-Su 07:00-21:00,,yes,https://www.starbucks.com.au/store/starbucks-295-swanston-st/,,yes,,outside,Starbucks,Q37158,en:Starbucks,,,,,,,,,,,,,,,,,,no,Starbucks Coffee,,,,,,,,,,,,,,,,,,,,,,,,,,,,,,,,,,,,,,,,,,,,,,,,,,,,,,,,,,,,,,,,,,,,,,
node/968356670,,,cafe,,Melba Caf?,,144.9612787,-37.8077581,,,,,,,,,,,,,,,,,,,,,,,,,,,,,,,,,,,,,,,,,,,,,,,,,,,,,,,,,,,,,,,,,,,,,,,,,,,,,,,,,,,,,,,,,,,,,,,,,,,,,,,,
node/968357495,,,cafe,,Druids Cafe,,144.9632842,-37.8089487,,,,,,,,,,,,,,,,,,,,,,,,,,,,,,,,,,,,,,,,,,,,,,,,,,,,,,,,,,,,,,,,,,,,,,,,,,,,,,,,,,,,,,,,,,,,,,,,,,,,,,,,
node/997417415,,,cafe,,Aruba,,144.969352,-37.812609,,,retail,,,,,,,,,,,,,,,,,,,,,,,,,,,,,,,,,,,,,,,,,,,,,,,,,,,,,,,,,,,,,,,,,,,,,,,,,,,,,,,,,,,,,,,,,,,,,,,,,,,,,
node/1014254385,336-338,Russell Street,cafe,,Blu Point,yes,144.966208,-37.808112,3000,Melbourne,,wlan,,,,,,yes,,,,,,,,,,,,,,,,,,,,,,,,,,,,,,,,,,,,,,,,,,,,,,,,,,,,,,,,,,,,,,,,,,,,,,,,,,,,,,,,,,,,,,,,,,,,,,
way/1035572269,1372,Highland Avenue,cafe,,Island Root Kava Bar Egad,yes,-80.6267707,28.1293322,32935,,yes,wlan,,,,https://island-root.com/,center,yes,,outside,,,,,,,,,,FL,,,,,,,,,,,no,,Melbourne,yes,yes,no,18,,,,,,,,,,,,,,,,,,,,,,,,,,,,,,,,,,,,,,,,,,,,,,,,,,,,,,,,,,,,,,,,,
node/1053649683,121,Exhibition Street,cafe,coffee_shop,Urban Deli,,144.970072,-37.812479,3000,,retail,,,,,,,,,,,,,,,,,,,,,,,,,,,,,,,,,,,,,,,,,,,,,,,,,,,,,,,,,,,,,,,,,,,,,,,,,,,,,,,,,,,,,,,,,,,,,,,,,,,,,
node/1112462421,359,Little Bourke Street,cafe,coffee_shop,Brother Bubba Budan,no,144.9620872,-37.813506,3000,,,,Mo-Su 07:00-18:00,,,https://plus.google.com/111789823744998362867/about?gl=au&hl=en,,,,,,,,8/02/2026,,,,,,,,,,,,,,,,,,,,,,,,,,,,,,,,,,,,,,,,,,,,,,,,,,,,,,,,,,,,,,,,,,,,,,,,,,,,,,,,,,,,,,,,
node/1242695924,120,Hardware Street,cafe,,Ten Square,,144.9605372,-37.8119646,3000,,,,,,,,,yes,,,,,,,,,,,,,,,,,,,,,yes,,,,,,,,,chair,yes,,,,,,,,,,,,,,,,,,,,,,,,,,,,,,,,,,,,,,,,,,,,,,,,,,,,,,,,,,,,,,,
node/1279999347,,,cafe,coffee_shop,Pie Face,,144.9599049,-37.8127917,,,,,07?24?,+61 3 9642 2988,yes,https://pieface.com.au/,,,,,Pie Face,Q18166370,en:Pie Face,,,,,,,,,,,,,,,,,,,,,,,,,,,,,,,,,,,,,,,,,,,,,,,,,,,,,,,,,,,,,,,,,,,,,,,,,,,,,,,,,,,,,,,,,
node/1282403372,190,Queen Street,cafe,japanese,Kyoto Sushi & Noodle Bar,,144.9605475,-37.8141257,3000,,,,,,,,,,,,,,,,,,,4,,,,,,,,,,,,,,,,,,,,,,,,,,,,,,,,,,,,,,,,,,,,,,,,,,,,,,,,,,,,,,,,,,,,,,,,,,,,,,,,,,,,
node/1282403389,,,cafe,cake,The Cheesecake Shop,,144.959816,-37.8135447,,,,,,,,https://www.cheesecake.com.au/,,,,,The Cheesecake Shop,Q117717103,,,,,,,,,,,,,,,,,,,,,,,,,,,,bakery,,,,,,,,,,,,,,,,,,,,,,,,,,,,,,,,,,,,,,,,,,,,,,,,,,,,,,,,,,,,,,
node/1282403409,,,cafe,italian,Speck,yes,144.9597518,-37.8133966,,,,,,,,,,,,,,,,,,,,,,,1/10/2024,no,,,,,,,,,,,,,,,,,,,,,,,,,,,,,,,,,,,,,,,,,,,,,,,,,,,,,,,,,,,,,,,,,,,,,,,,,,,,,,,,
node/1282403411,,,cafe,salad,Nourish Salads,yes,144.9597726,-37.8134535,,,,,,,,,,,,,,,,,,,,,,,,,,,,,,,,,,,,,,,,,,,,,,,,,,,,,,,,,,,,,,,,,,,,,,,,,,,,,,,,,,,,,,,,,,,,,,,,,,,,,,,,
node/1282403427,,,cafe,sushi,Fresh Sushi,,144.9597934,-37.8134975,,,,,,,,,,,,,,,,,,,,,,,,,,,,,,,,,,,,,,,,,,,,,,,,,,,,,,,,,,,,,,,,,,,,,,,,,,,,,,,,,,,,,,,,,,,,,,,,,,,,,,,,
node/1282403463,,,cafe,,Legals,,144.9587418,-37.8131375,,,,,,,,,,,,,,,,,,,,,,,,,,,,,,,,,,,,,,,,,,,,,,,,,,,,,,,,,,,,,,,,,,,,,,,,,,,,,,,,,,,,,,,,,,,,,,,,,,,,,,,,
node/1282403464,,,cafe,coffee_shop,Segafredo,,144.96013,-37.8132425,,,,,,,yes,,,,,,Segafredo,Q21282762,it:Segafredo Zanetti,,,,,,,,,,,,,,,,,,,,,,,,,,,,,,,,,,,,,,,,,,,,,,,,,,,,,,,,,,,,,,,,,,,,,,,,,,,,,,,,,,,,,,,,,
node/1282403465,,,cafe,,Martinis,,144.958445,-37.8132231,,,,,,,,,,,,,,,,,,,,,,,,,,,,,,,,,,,,,,,,,,,,,,,,,,,,,,,,,,,,,,,,,,,,,,,,,,,,,,,,,,,,,,,,,,,,,,,,,,,,,,,,
node/1292397875,350,Bourke Street,cafe,coffee_shop,Octane Espresso Bar,,144.9582051,-37.8132592,3000,,,,,,,,,,,,,,,,,,,,,,,,,,,,,,,,,,,,,,,,,kiosk,,,,,,,,,,,,,,,,,,,,,,,,,,,,,,,,,,,,,,,,,,,,,,,,,,,,,,,,,,,,,,
node/1297618578,1330,North Harbor City Boulevard,cafe,coffee_shop,Starbucks,,-80.6305862,28.1287232,32935,,,,,+1 321-255-1684,yes,https://www.starbucks.com/store-locator/store/10803/eau-gallie-us-1-1330-north-harbor-city-blvd-melbourne-fl-329357023,,,,,Starbucks,Q37158,,,,,,,,FL,,,,,,,,,,,,Starbucks Coffee,Melbourne,,,,,,,,Eau Gallie & US 1,10803,,,,,,,,,,,,,,,,,,,,,,,,,,,,,,,,,,,,,,,,,,,,,,,,,,,,,,,,,,,,
node/1427579135,,,cafe,,Mr Tulk,yes,144.9646236,-37.8095603,,,,wlan,,,,,,,,,,,,24/07/2024,,,,,,,,,,,,,,,,,,,,,,,,,,,,,,,,,,,,,,,,,,,,,,,,,,,,,,,,,,,,,,,,,,,,,,,,,,,,,,,,,,,,,,,,
way/1450378578,3660,North Wickham Road,cafe,coffee_shop,Starbucks,yes,-80.6725249,28.1643558,32935,,,wlan,Mo-Fr 04:30-21:00; Sa-Su 05:00-21:00,+1 321-254-5714,yes,https://www.starbucks.com/store-locator/store/11484-103540/wickham-rd-baymeadows-blvd-3660-n-wickham-rd-melbourne-fl-329352336-us,center,yes,0,outside,Starbucks,Q37158,,,,,,,,FL,,,,,,,,yes,,,no,Starbucks Coffee,Melbourne,yes,,,,,yes,,Wickham Road & Baymeadows Boulevard,10975,US,yes,yes,yes,yes,yes,yes,yes,yes,yes,yes,yes,yes,yes,yes,yes,yes,yes,no,yes,yes,,,,,,,,,,,,,,,,,,,,,,,,,,,,,,,,,,,,,,,
way/1456963607,4301,North Wickham Road,cafe,tea,The Chic Teacup,,-80.67111,28.1803275,32935,,,,,,,,center,,,,,,,,,,,11,,FL,,,,,,,,,,,,,Melbourne,,,,,,,,,,US,,,,,,,,,,,,,,,,,,,,,+1 321-252-9168,https://thechicteacup.com,room,,,,,,,,,,,,,,,,,,,,,,,,,,,,,,,,,,,,
way/1470001598,,,cafe,coffee_shop,Tram Cafe,,144.952866,-37.8129343,,,yes,no,,,,,center,,,,,,,,,,,,,,,,,,,,,,,,,,,,,,,,,,,,,,,,,,,,,,,,,,,,,,,,,,,,,,,,,,,,,,,,,,,,,,,,,,,,,,,,,,,,,,,
node/1563378347,,,cafe,,The Terrace,,144.9826001,-37.8293863,,,,,,,,https://www.rbg.vic.gov.au/visit-melbourne/plan-your-visit/visitor-information,,,,,,,,,,,,,,,,,,,,,,,,,,,,,,,,,,,,,,,,,,,,,,,,,,,,,,,,,,,,,,,,,,,,,,,,,,,,,,,,,,,,,,,,,,,,,,,,
node/1812360861,,,cafe,,Bullrun,,144.9707961,-37.8154491,,,,,Mo-Th 06:30-15:30; Fr 06:30-15:00; Sa 07:00-13:00,+61 3 9650 6966,,,,,,,,,,,,,,,,,,,,,,,,,,,,,,,,,,,,,,,,,,,,,,,,,,,,,,,,,,,,,,,,,,,,,,,,,,,,,,,,,,,,,,,,,,,,,,,,,,
node/1812365403,,,cafe,,Liaison,,144.972438,-37.8129404,,,,,,,,,,,,,,,,,,,,,,,,,,,,,,,,,,,,,,,,,,,,,,,,,,,,,,,,,,,,,,,,,,,,,,,,,,,,,,,,,,,,,,,,,,,,,,,,,,,,,,,,
node/2019191934,,,cafe,,Madame Brussels,yes,144.971546,-37.8119505,,,,,"We,Th 16:00-23:00, Fr 16:00-01:00, Sa 12:00-01:00, Su 12:00-23:00",,,https://madamebrussels.com/,,yes,,,,,,,,,,,,,,,,,,,,,,,,,,,,,,,,,,,,,,,,,,,,,,,,,,,,,,,,,,,On the roof!,,,,,,,,,,,,,,,,,,,,,,,,,,,,,,,,,,,
node/2024786373,455,Bourke Street,cafe,,Felice,,144.9602921,-37.8153068,3000,Melbourne,,,,,,,,,,,,,,,,,,,,,,,,,,,,,,,,,,,,,,,,,,,,,,,,,,,,,,,,,,,,,,,,,,,,Collected via KeypadMapper,,,,,,,,,,,,,,,,,,,,,,,,,,,,,,,,,,
node/2102109158,251,Russell Street,cafe,coffee_shop,Pie Face,yes,144.966817,-37.810506,3000,Melbourne,,,,,yes,,,,,,Pie Face,Q18166370,en:Pie Face,,,,,,,,,,,,,,,no,,,,,,,,,,,,,,,,,,no,,,,,,,,,,,,,,,,,,,,,,,,,,,,,,,,,,,,,,,,,,,,,,,,,,,,,,,,
node/2110273891,385,Bourke Street,cafe,,Oli & Levi Galleria,,144.96252,-37.814664,3000,Melbourne,,,Mo-Fr 7:30-16:00;Sa 10:00-15:00,,,,,,,,,,,,https://www.facebook.com/pages/Oli-Levi-Galleria/1608002096089967,,,,,,,,,,,,,,,,,,,,,,,,,,,,,,,,,,,,,,,,,,,,,,,,,,,,,,,,,,,,,,,,,,,,,,,,,,,,,,,,,,,,,,,
node/2111359407,339,Swanston Street,cafe,bubble_tea,Prime's Hai Tea,yes,144.963948,-37.810321,3000,Melbourne,,,,,,,,,0,,,,,,,,,,,,24/10/2025,no,,,,,,,,,,,,,,,,,,,,,,,,,,,,,,,,,,,,,,,,,,,,,,,,,,,,,,,,,,,,,,,,,,,,,,,,,,,,,,,,
node/2112873937,,,cafe,,The Bean Room,,144.96662,-37.810158,,,,,,,,,,,,,,,,,,,,,,,,,,,,,,,,,,,,,,,,,,,,,,,,,,,,,,,,,,,,,,,,,,,,,,,,,,,,,,,,,,,,,,,,,,,,,,,,,,,,,,,,
node/2144921472,391,St Kilda Road,cafe,japanese,iSushi Caf? & Bar,,144.975571,-37.83546,3004,Melbourne,,,,,yes,,,yes,,,,,,,,,,Shop 1,,,,,,,,,,,,,,,,,,,,,,,,,,,,,,,,,,,,,,,,,,,,,,,,,,,,,,,,,,,,,,,,,,,,,,,,,,,,,,,,,,,,
node/2144922044,391,St Kilda Road,cafe,chinese,@Rice,,144.975606,-37.835496,,,,,,+61 3 9866 3886,yes,,,yes,,,,,,,,,,,,,,,,,,,,,,,,,,,,,,,,,,,,,,,,,,,,,,,,,,,,,,,,,,,,,,,,,,,,,,,,,,,,,,,,,,,,,,,,,,,,,,
node/2144924793,,,cafe,,Caf? Vue,,144.975821,-37.835803,,,,,,,,,,yes,,,,,,,,,,,,,,,,,,,,,,,,,,,,,,,,,,,,,,,,,,,,,,,,,,,,,,,,,,,,,,,,,,,,,,,,,,,,,,,,,,,,,,,,,,,,,,
node/2144925120,,,cafe,,My Cafe & Foodery,,144.975866,-37.835911,,,,,,,yes,,,yes,,,,,,,,,,,,,,,,,,,,,,,,,,,,,,,,,,,,,,,,,,,,,,,,,,,,,,,,,,,,,,,,,,,,,,,,,,,,,,,,,,,,,,,,,,,,,,
node/2215598365,,,cafe,,In A Rush,,144.969666,-37.817296,,,,,,+61 412 340 782,yes,,,,0,,,,,,,,,,,,,,,,,,,,,,,,,,,,,,,,,,,,,,,,,,,,,,,,,,,,,,,,,,,,,,,,,,,,,,,,,,,,,,,,,,,,,,,,,,,,,
node/2217874589,24,Little Bourke Street,cafe,,Little Gordon,yes,144.9717049,-37.810524,3000,Melbourne,,,,,,https://littlegordon.com.au/,,,,,,,,,,,,,,VIC,,,,,,,,,,,,,,,,,,,,,,,,,,,,,,,,,,,,,,,,,,,,,,,,,,,,,,,,,,,,,,,,,,,,,,,,,,,,,,,,,,
node/2243029631,2,Elizabeth Street,cafe,coffee_shop,Starbucks,yes,144.965031,-37.817934,3000,Melbourne,,,Mo-Fr 06:00-18:30; Sa 06:30-19:00; Su 07:30-18:30,,yes,https://www.starbucks.com.au/,,no,,,Starbucks,Q37158,en:Starbucks,,,,,8,,VIC,,,,,,,,,,,,Starbucks Coffee,,,,,,,,,,,,,,,,,,,,yes,yes,,,,,,,,,,,,,,,,,,,,,,,,,,,,,,,,,,,,,,,,,,,,,,,,,
node/2274578921,422,Queen Street,cafe,,Muleta's Cafe,,144.9580796,-37.8086072,,,,,,+61 3 9329 9080,,,,yes,,,,,,,,,,,,,,,,,,,,,,,,,,,,,,,,,,,,,,,,,,,,,,,,,,,,,,,,,,,,,,,,,,,,,,,,,,,,,,,,,,,,,,,,,,,,,,
node/2274581515,,,cafe,coffee_shop;cafe,Market Espresso & Trolley Hire,,144.957654,-37.807955,,,,,,,,,,yes,,,,,,10/08/2025,,,,,,,,,,,,,,,,,,,,,,,,,,,,,,,,,,,,,,,,,,,,,,,,,,,,,,,,,,,,,,,,,,,,,,,,,,,,,,,,,,,,,,,,
node/2274622376,599,Elizabeth Street,cafe,pizza,Caf? Perri,,144.9581121,-37.8041863,,,,,,+61 3 9329 2599,,,,yes,,,,,,,,,,,,,,,,,,,,,,,,,,,,,,,,,,,,,,,,,,,,,,,,,,,,,,,,,,,,,,,,,,,,,,,,,,,,,,,,,,,,,,,,,,,,,,
node/2289931481,,,cafe,coffee_shop,Starbucks,limited,144.9631304,-37.8146591,,,,,"Mo-Fr 07:00-19:30; Sa,Su 07:30-19:30",,yes,,,,0,,Starbucks,Q37158,,,,,,,,,,,,,,,,,,,,Starbucks Coffee,,,,,,,,,,,,,,,,,,,,,,,,,,,,,,,,,,,,,,,,,,,,,,,,,,,,,,,,,,,,,,,,,,,,,,
node/2296805515,325,Flinders Lane,cafe,coffee_shop,Cuff,,144.963416,-37.817628,,Melbourne,,,,,,,,yes,,,,,,8/05/2025,,,,,,,,,,,,,,,,,,,,,,,,,,,,,,,,,,,,,,,,,,,,,,,,,,,,,,,,,,,,,,,,,,,,,,,,,,,,,,,,,,,,,,,,
node/2296810531,333,Collins Street,cafe,coffee_shop,Saranti Cafe,,144.9635,-37.8174027,,Melbourne,,,,,,,,,,,,,,,,,,,,,,,,,,,,,,,,,,,,,,,,,,,,,,,,,,,,,,,,,,,,,,,,,,,,,,,,,,,,,,,,,,,,,,,,,,,,,,,,,,,,,,
node/2296819531,,,cafe,,Cafe del Corso,no,144.96272,-37.817778,,,,,,,,,,,,,,,,,,,,,,,,,,,,,,,,,,,,,,,,,,,,,,,,,,,,,,,,,,,,,,,,,,,,,,,,,,,,,,,,,,,,,,,,,,,,,,,,,,,,,,,,
node/2322538758,521,Elizabeth Street,cafe,,Supersede,,144.9594107,-37.8067341,,,,,06:00-16:00,,,,,yes,,,,,,21/02/2025,,,,,,,,,,,,,,,yes,,,,,,,,,,,,,,,,,,,,,,,,,,,,,,,,,,,,,,,,,,,,,,,,,,,,,,,,,,,,,,,,,,,,,,,,,
node/2345084297,625,Little Collins Street,cafe,coffee_shop,Inzone Cafe,,144.9543399,-37.8180385,3000,Melbourne,,no,,,,,,,,,,,,,,,,,,,,,,,,,,no,,,,,,,,,,,,,,,,,,,,,,,,,,,,,,,,,,,,,,,,,no,,,,,,,,,,,,,,,,,,,,,,,,,,,,,,,,,
node/2400990992,,,cafe,bubble_tea,Gong Cha,no,144.9649343,-37.812455,,,,,,,yes,,,,,,Gong Cha,Q5581670,en:Gong Cha,,,,,,,,,,,,,,,,,,,,,,,,,,,,,,,,,,,,,,,,,,,,,,,,,,,,,,,,,???,tea,Gong Cha,???,,,,,,,,,,,,,,,,,,,,,,,,,,,,,
node/2457556587,551,Lt Lonsdale,cafe,,Side Pocket Cafe,,144.9557748,-37.8131735,,,,,,,,,,,,,,,,,,,,7,,,,,,,,,,,,,,,,,,,,,,,,,,,,,,,,,,,,,,,,,,,,,,,,,,,,,,,,,,,,,,,,,,,,,,,,,,,,,,,,,,,,
node/2477705309,28,Degraves Street,cafe,,TOFWD,,144.9658134,-37.8172784,3000,Melbourne,,,,+61 3 9654 5157,,https://www.tofwd.com.au/,,,,,,,,,,,,,,,,,,,,,,,,,,,,,,,,,,,,,,,,,yes,,,,,yes,,,yes,,,,,,,,,,,,,,,,,,,yes,yes,,,,,,,,,,,,,,,,,,,,,,,,,,,
node/2490518708,231,Exhibition Street,cafe,sandwich,That Schnitzel Place,yes,144.969612,-37.810514,3000,Melbourne,retail,,,,yes,,,no,,,,,,,,,,,,,,,,,,,,,,,,,,,,,,,,,,,,,,,,,,,,,,,,,,,,,,,,,,,,,,,,,,,,,,,,,,,,,,,,,,,,,,,,,,,,,,
node/2490526574,,Swanston Street,cafe,,Hikari,,144.9641712,-37.8108738,3000,Melbourne,yes,,,,,,,,,,,,,,,,,,,,,,,,,2,,,,,,,,,,,,,,,,,,,,,,,,,,,,,,,,,,,,,,,,,,,,,,,,,,,,,,,,,,,,,,,,,,,,,,,,,,,,
node/2506725855,,,cafe,,Suntree Cafe,,-80.67244,28.1672176,,,,,,,,,,,,,,,,,,,,,,,,,,,,,,,,,,,,,,,,,,,,,,,,,,,,,,,,,,,,,,,,,,,,,,,,,,,,,,,,,,,,,,,,,,,,,,,,,,,,,,,,
node/2530153191,414,La Trobe Street,cafe,coffee_shop,Cafenatics,,144.9572301,-37.8113734,3000,Melbourne,,no,,,,https://www.cafemelbourne.com.au/locations/414-latrobe-st,,,,,,,,,,,,,,,,,,,,,,,,,,,,,,,,,,,,,,,,,,,,,,,,,,,,,,,,,,,,,,,,,,,,,,,,,,,,,,,,,,,,,,,,,,,,,,,,
node/2530237185,25,Wills Street,cafe,coffee_shop;brunch,Operator 25,,144.9571233,-37.8107145,3000,Melbourne,retail,no,,,,,,yes,,,,,,,,,,,,,,,,,,,,,,,,,,,,,,,,,,,,,,,,,,,,yes,yes,,,,,,yes,,,,,,,,,,,,,,,,,,,,,,,,,,,,,,,,,,,,,,,,,,,
node/2670991978,,,cafe,,Tinto,yes,144.959472,-37.817369,,,,,,,,,,,,,,,,,,,,,,,8/10/2024,no,,,,,,,,,,,,,,,,,,,,,,,,,,,,,,yes,yes,,,,,,yes,yes,,,,,,,,,,,,,,,,,,,,,,,,,,,,,,,,,,,,,,,,,,
node/2687981874,,,cafe,,Spin Coffee,yes,144.958255,-37.81648,,,,,,,,http://www.spincoffee.com.au,,,,,,,,,,,,,,,,,,,,,,,,,,,,,,,,,,,,,,,,,,,,,,,,,,,,,,,,,,,,,,,,,,,,,,,,,,,,,,,,,,,,,,,,,,,,,,,,
node/2687983457,,,cafe,,Famish'd,yes,144.957794,-37.816599,,,,,,+61 3 9614 4905,,http://famishd.com.au,,,,,,,,,,,,,,,,,,,,,,,,,,,,,,,,,,,,,,,,,,,,,,,,,,,,,,,,,,,,,,,,,,,,,,,,,,,,,,,,,,,,,,,,,,,,,,,,
node/2807711901,,,cafe,,,,144.9700052,-37.8083382,,,,,,,,,,,,,,,,,,,,,,,,,,,,,,,,,,,,,,,,,,,,,,,,,,,,,,,,,,,,,,,,,,,,,,,,,,,,,,,,,,,,,,,,,,,,,,,,,,,,,,,,
node/2960538434,,,cafe,,The Fair Trader,,144.971982,-37.815598,,,,,,,,,,,,,,,,,,,,,,,,,,,,,,,,,,,,,,,,,,,,,,,,,,,,,,,,,,,,,,,,,,,,,,,,,,,,,,,,,,,,,,,,,,,,,,,,,,,,,,,,
node/3010197538,540,East New Haven Avenue,cafe,coffee_shop,The Sun Shoppe,,-80.6115041,28.078682,32901,,,wlan,,,,,,yes,,outside,,,,,,,,,,FL,,,,,,,,,,,,,Melbourne,,,,,,,,,,,,,,,,,,,,,,,,,,,,,,,,,,,,,,,,,,,,,,,,,,,,,,,,,,,,,,,,,,,,,
node/3012090064,200,Spencer Street,cafe,coffee_shop,HiRize Bakery Cafe,,144.9530143,-37.8161514,3000,Melbourne,,no,,,,,,,,outside,,,,,,,,T1,,,,,,,,,,,,??????????? ???,,,,,,,,,,,,,,,,,,,,,,,,,,,,,,,,,,,,,,,,,,,,,,Higher Ground Cafe,,,,,,,,,,,,,,,,,,,,,,,,,,
node/3269959461,,,cafe,,Global Kitchen Cafe,,144.968706,-37.808452,,,,,,,,,,,,,,,,,,,,,,,,,,,,,,,,,,,,,,,,,,,,,,,,,,,,,,,,,,,,,,,,,,,,,,,,,,,,,,,,,,,,,,,,,,,,,,,,,,,,,,,,
node/3276141235,,Flinders Lane,cafe,coffee_shop,Dukes Coffee Roasters,yes,144.9661412,-37.8167849,,,,,Mo-Fr 07:00-16:30; Sa 08:00-17:00; Su off,,yes,https://www.dukescoffee.com.au/,,no,,,,,,14/02/2025,,,,,,,,,,,,,,,yes,,,,,,,,,,no,,,,,,,,,,,,,,,,only,,,,yes,yes,,,,,,,,,,,,,,,,,Ross House,,,,,,,,,,,,,,,,,,,,,,,,,
node/3291840662,,,cafe,,Hugo's Express,,144.9548526,-37.8178619,,,,,,,,,,,,,,,,,,,,,,,,,,,,,,,,,,,,,,,,,,,,,,,,,,,,,,,,,,,,,,,,,,,,,,,,,,,,,,,,,,,,,,,,,,,,,,,,,,,,,,,,
node/3472659754,,,cafe,,Federal Coffee Palace,,144.9632917,-37.813982,,,,,,,,,,,,,,,,,,,,,,,,,,,,,,,,,,,,,,,,,,,,,,,,,,,,,,,,,,,,,,,,,,,,,,,,,,,,,,,,,,,,,,,,,,,,,,,,,,,,,,,,
node/3472659756,349,Little Collins Street,cafe,,The Workers' Food Room,yes,144.9630801,-37.8154567,3000,,,,Mo-Fr 04:30-14:00+,,yes,https://theworkersfoodroom.com.au/,,,0,,,,,,,,,,,VIC,,,,,,,,,,,,,,,,,,,,,,,,,,,,,,,,only,only,,,,,,yes,yes,,,,,,,,,,,,,,,,,,,,,,,,,,,,,,,,,,,,,,,,,,
node/3511713299,,,cafe,coffee_shop,Altius Coffee Brewers,,144.9564536,-37.819714,,,,,Mo-Fr 07:00-16:00,,,,,,,,,,,,,,,,,,,,,,,,,,,,,,,,,,,,,,,,,,,,,,,,,,,,,,,,,,,,,,,,,,,,,,,,,,,,,,,,,,,,,,,,,,,,,,,,,,,
node/3588998221,14,Crossley Street,cafe,coffee_shop,Traveller Coffee,,144.971205,-37.8114318,3000,Melbourne,,,"Mo-Fr 07:00-17:00; Sa,Su off",,,,,,,,,,,,,,,2,,,,,,,,,,,,,,,,,,,,,,,,,,,,,,,,,,,,,,,,,,,,,,,,,,,,,,,,,,,,,,,,,,,,,,,,,,,,,,,,,,,,
node/3656459093,,Mercantile Place,cafe,coffee_shop,Stand Up Cafe,,144.9566388,-37.8201673,3000,Melbourne,,,Mo-Fr 07:00-15:00,,,,,yes,,,,,,,,,,,,,,,,,,,,,,,,,,,,,,,,,,,,,,,,,,,,,,,,,,,,,,,,,,,,,,,,,,,,,,,,,,,,,,,,,,,,,,,,,,,,,,
node/3712862375,16,Equitable Place,cafe,coffee_shop,Cafe Azu,yes,144.9633432,-37.8160013,,Melbourne,,,,,yes,https://cafeazu.com.au/,,yes,,,,,,,,,,,,,,,,,,,,,,,,,,,,,,,,,,,,,,,,,,,,,,,,,,,,,,,,,,,,survey,,,,,,,,,,,,,,,,,,,,,,,,,,,,,,,,,,
node/3830075455,517,Flinders Lane,cafe,,The Grain Store,,144.9569289,-37.819583,3000,Melbourne,,,,,,,,,,,,,,,,,,,,,,,,,,,,,,,,,,,,,,,,,,,,,,,,,,,,,,,,,,,,,,,,,,,,,,,,,,,,,,,,,,,,,,,,,,,,,,,,,,,,,,
node/3830075456,,,cafe,,Henry & the Fox,,144.9568668,-37.8173118,,,,,,,,,,,,,,,,,,,,,,,,,,,,,,,,,,,,,,,,,,,,,,,,,,,,,,,,,,,,,,,,,,,,,,,,,,,,,,,,,,,,,,,,,,,,,,,,,,,,,,,,
node/3840434935,,,cafe,,Cafe Alfretti,,144.9843756,-37.8461087,,,,,,,,,,,,,,,,,,,,,,,,,,,,,,,,,,,,,,,,,,,,,,,,,,,,,,,,,,,,,,,,,,,,,,,,,,,,,,,,,,,,,,,,,,,,,,,,,,,,,,,,
node/3846006629,,,cafe,,Di Bella Coffee,,144.9571385,-37.8101565,,,,,,,,,,,,,,,,,,,,,,,,,,,,,,,,,,,,,,,,,,,,,,,,,,,,,,,,,,,,,,,,,,,,,,,,,,,,,,,,,,,,,,,,,,,,,,,,,,,,,,,,
node/3885415460,,,cafe,,All Good,,144.9806355,-37.8520028,,,,,,,,,,,,,,,,,,,,,,,,,,,,,,,,,,,,,,,,,,,,,,,,,,,,,,,,,,,,,,,,,,,,,,,,,,,,,,,,,,,,,,,,,,,,,,,,,,,,,,,,
node/3885415464,,,cafe,,Galleria,,144.9791251,-37.8480195,,,,,,,,,,,,,,,,,,,,,,,,,,,,,,,,,,,,,,,,,,,,,,,,,,,,,,,,,,,,,,,,,,,,,,,,,,,,,,,,,,,,,,,,,,,,,,,,,,,,,,,,
node/3889897791,,,cafe,,In A Rush,,144.9735094,-37.8342625,,,,,,,,,,,,,,,,,,,,,,,,,,,,,,,,,,,,,,,,,,,,,,,,,,,,,,,,,,,,,,,,,,,,,,,,,,,,,,,,,,,,,,,,,,,,,,,,,,,,,,,,
node/3889897796,,,cafe,,Wee Bird,,144.9778926,-37.8439628,,,,,,,,,,,,,,,,,,,,,,,,,,,,,,,,,,,,,,,,,,,,,,,,,,,,,,,,,,,,,,,,,,,,,,,,,,,,,,,,,,,,,,,,,,,,,,,,,,,,,,,,
node/3983480757,,,cafe,,Cafe Box,,144.967947,-37.813,,,,,,,,,,,,,,,,,,,,,,,,,,,,,,,,,,,,,,,,,,,,,,,,,,,,,,,,,,,,,,,,,,,,,,,,,,,,,,,,,,,,,,,,,,,,,,,,,,,,,,,,
node/4103887541,567,Collins Street,cafe,coffee_shop,EARL Canteen,,144.9558503,-37.8191106,3000,Melbourne,,,Mo-Fr,,,,,,,,,,,,,,,,,,,,Survey opening and closing time.,,,,,,,,,,,,,,,,,,,,,,,,,,,,,,,,,,,,,,,,,,,,,,,,,,,,,,,,,,,,,,,,,,,,,,,,,,,,,,,
node/4119542089,333,Collins Street,cafe,italian,Strozzi,limited,144.9630762,-37.8167054,,,,,Mo-Fr 07:00-17:00,+61 3 9629 4844,,https://www.strozzi.com.au/,,,,,,,,,,strozzi@fastmail.fm,,,,,,,,,,,,,,,,,,,,,,,,,,,,,,,,,,,,,,,,,,,yes,yes,,,,,,,,,,,,,,,,,,,,,,,,,,,,,,,,,,,,,,,,,,
node/4122971689,,,cafe,donut,Doughboys,yes,144.957933,-37.81595,,,,,,,,,,,,,,,,,,,,,,,,,,,,,,,,,,,,,,,,,,,,,,,,,,,,,,,,,,,,,,,,,,,,,,,,,,,,,,,,,,,,,,,,,,,,,,,,,,,,,,,,
node/4258115290,,Hardware Street,cafe,,Hash Cafe,,144.9605584,-37.8123737,,,,wlan,,,,,,,,,,,,,,,,,,,,,,,,,,,,,,,,,,,,,,,,,,,,,,,,,,,,,,,,,,,,,,,,,,,,,,,,,,,,,,,,,,,,,,,,,,,,,,,,,,,,
node/4271393498,,,cafe,,Bluestones Cafe,yes,144.9585863,-37.815373,,,,,,,,,,,,,,,,,,,,,,,,,,,,,,,,,,,,,,,,,,,,,,,,,,,,,,,,,,,,,,,,,,,,,,,,,,,,,,,,,,,,,,,,,,,,,,,,,,,,,,,,
node/4271393510,,,cafe,,B&Baguette Cafe,yes,144.9592869,-37.8151693,,,,,,,,,,,,,,,,,,,,,,,,,,,,,,,,,,,,,,,,,,,,,,,,,,,,,,,,,,,,,,,,,,,,,,,,,,,,,,,,,,,,,,,,,,,,,,,,,,,,,,,,
node/4292212979,,,cafe,bubble_tea,Top Tea,yes,144.9606099,-37.8091334,,,,,,,,,,,0,,,,,9/09/2025,,,,,,,,,,,,,,,,,,,,,,,,,,,,,,,,,,,,,,,,,,,,,,,,,,,,,,,,,,,,,,,,,,,,,,,,,,,,,,,,,,,,,,,,
node/4302888739,211,La Trobe Street,cafe,coffee_shop,Hudson Coffee,,144.9630212,-37.8100407,,,,,,,,https://www.hudsonscoffee.com.au,,,,,,,,,,,,,,,,,,,,,,,,,,,,,,,,,,,,,,,,,,,,,,,,,,,,,,,,,,,,,,,,,,,,,,,,,,,,,,,,,,,,,,,,,,,,,,,,
node/4305653789,253,Flinders Lane,cafe,breakfast,The Journal Cafe,,144.965784,-37.8169101,,,,wlan,Mo-Th 07:00-20:00; Sa-Su 08:00-17:00; Fr 07:00-21:00,+61 3 9650 4399,,https://www.journalcafemelbourne.com/,,,,,,,,,,,,,,,,,,,,,,,,?€????? ?????,,,,,,,,,,,,,,,,,,,,,,,,,,,,,,,,,,,,,,,,,,,,,,,,,,,,,,,,,,,,,,,,,,,,,,,,
node/4305911690,365,Flinders Street,cafe,,T-Roy Browns,,144.9619275,-37.819258,,,,wlan,Mo-Fr 06:30-15:30,,,,,,,,,,,,,,,,,,,,,,,,,,,,,,,,,,,,,,,,,,,,,,,,,,,,,,,,,,,,,,,,,,,,,,,,,,,,,,,,,,,,,,,,,,,,,,,,,,,
node/4312017190,16,Oliver Lane,cafe,,Bowery to Williamsburg,,144.9701951,-37.8161924,3000,Melbourne,,,Mo-Fr 07:30-14:30; Sa-Su 08:30-14:30,+61 3 9077 0162,,https://www.bowerytowilliamsburg.com.au/,,yes,,,,,,,,,,,,VIC,,,,,,,,,,,,,,,,,,,,,,,,,,,,,,,,,,,,,,,,,,,,,,,,,,,,,,,,,,,,,,,,,,,,,,,,,,,,,,,,,,
node/4320472212,,,cafe,coffee_shop,Piccolocino,,144.9566717,-37.816772,,,,,,,,,,,,,,,,,,,,,,,,,,,,,,,,,,,,,,,,,,,,,,,,,,,,,,,,,,,,,,,,,,,,,,,,,,,,,,,,,,,,,,,,,,,,,,,,,,,,,,,,
node/4336345993,,,cafe,coffee_shop;chocolate;dessert,Koko Black Chocolate,,144.9640406,-37.8143703,,,,,"Mo-We, Sa 09:00-18:00; Th 09:00-17:00; Fr 09:00-19:00; Su 10:00-18:00",,,,,,,,,,,,,,,,,,,,,,,,,,,,,,,,,,,,,,,,,,,,,,,,,,,,,,,,,,,,,,,,,,,,,,,,,,,,,,,,,,,,,,,,,,,,,,,,,,,
node/4417339790,,,cafe,,Degraves Street,,144.9657758,-37.8171906,,,,,,,,,,,,,,,,,,,,,,,,,,,,,,,,????????? ??? ???,,,,,,,,,,,,,,,,,,,,,,,,,,,,,,,,,,,,,,,,,,,,,,Degraves Street,,,,,,,,,,,,,,,,,,,,,,,,,,
node/4489047790,484,St Kilda Road,cafe,,Cafe Safi,,144.9776768,-37.8433452,3004,,,,Mo-Fr 06:00-17:00,+61 3 9077 0633,,https://www.cafesafi.com.au/,,,,,,,,,,,,2,,,,,,,,,,,,,,,,,,,,,,,,,,,,,,,,,,,,,,,,,,,,,,,,,,,,,,,,,,,,,,,,,,,,,,,,,,,,,,,,,,,,
node/4671705489,,,cafe,,Xpressomondo,,144.9655773,-37.8170387,,,,,,,,,,,,,,,,,,,,,,,,,,,,,,,,,,,,,,,,,,,,,,,,,,,,,,,,,,,,,,,,,,,,,,,,,,,,,,,,,,,,,,,,,,,,,,,,,,,,,,,,
node/4677281000,555,Flinders Lane,cafe,,Cherry & Twigs Cafe,,144.9557185,-37.82004,,,,,Mo-Fr 06:30-14:30; Sa-Su 07:30-14:00,+61 3 9614 7096,,https://cherryandtwigs.com.au/,,,,,,,,12/10/2025,https://www.facebook.com/cherryandtwigs/,,https://cherryandtwigs.com.au/menu/,1B,,,,,,,,,,,,,,,,,,,,,,,,,,,,,,,,,,,,,,,,,,,,,,,,,,,,,,,,,,Cherry & Twigs Cafe,,,,,,,,,,,,,,,,,,,,,,,,,,
node/4737581623,23,Degraves Street,cafe,,Degraves Espresso Bar,,144.9656216,-37.8171236,,,,,,,,,,,,,,,,,,,,,,,,,,,,,,,,,,,,,,,,,,,,,,,,,,,,,,,,,,,,,,,,,,,,,,,,,,,????????,,Degraves Espresso Bar,,,,,,,,,,,,,,,,,,,,,,,,,,,
node/4737591531,,Lingham Lane,cafe,coffee_shop,SeedLing Cafe,limited,144.9653734,-37.817015,3000,,,,,,yes,,,yes,0,,,,,,,,,,,,,,,,,,,,,,,,,,,,,,,,,,,,,,,,,,,,,,,,,,,,,,,,,,,,,,,,,,,Seedling Cafe,,,,,,,,,,,,,,,,,,,,,,,,,,
node/4757419322,32,Hardware Lane,cafe,french,La Petite Cr?perie,,144.9615104,-37.8138954,3000,,,,,,,https://www.lapetitecreperie.com.au/,,,,,,,,,,,,,,,,,,,,,,,,,,,,,,,,,,,,,,,,,,,,,,,,,,,,,,,,,,,,,,,,,,,,,,,,,,,,,,,,,,,,,,,,,,,,,,,,
node/4958333627,,,cafe,,The Tea Rooms 1892,,144.964728,-37.815752,,,,,,,,https://thetearooms1892.com.au/,,no,,,,,,1/05/2026,,,,,,,,,,,,,,,,,,,,,,,,,,,,,,,,,,,,,,,,,,,,,,,,,,,,,Formerly Hopetoun Tearooms,,,,,,,,,,,,,,,,,,,,,,,,,,,,,,,,,,,
node/4976357658,,,cafe,,Cafenatics,,144.9676132,-37.8141709,,,,,,,,,,,,,,,,,,,,,,,,,,,,,,,,,,,,,,,,,,,,,,,,,,,,,,,,,,,,,,,,,,,,,,,,,,,,,,,,,,,,,,,,,,,,,,,,,,,,,,,,
node/5063941222,,,cafe,,STREAT Cafe (Purpose Precinct),,144.956034,-37.8071198,,,,,"Tu,Th-Fr 07:30-15:00; Sa 08:00-16:00; Su,Mo,We closed",,,https://purposeprecinct.org/,,,0,,,,,,,,,,,,,,,,,,,,,,,,,,,,,,,,,F27,,,,,,,,,,,,,,,,,,,,,,,,,,,,,,,,,,,,,,,,,,,,,,,,,,,,,,,,,,,,
node/5143960431,380,North Wickham Road,cafe,,Friendly Toast Cafe 2,,-80.6732072,28.1127335,32935,,,,,,,,,,,,,,,,,,,,,FL,,,,,,,,,,,,,Melbourne,,,,,,,,,,,,,,,,,,,,,,,,,,,,,,,,,,,,,,,,,,,,,,,,,,,,,,,,,,,,,,,,,,,,,
node/5174114123,,,cafe,coffee_shop,Starbucks,limited,144.9631005,-37.814606,,,,wlan,Mo-Fr 07:00-19:30; Sa-Su 07:30-19:30; PH closed,,yes,,,,0,,Starbucks,Q37158,en:Starbucks,,,,,,,,,,,,,,,,,,no,Starbucks Coffee,,,,,,,,,,,,,,,,,,,,,,,,,,,,,,,,,,,,,,,,,,,,,,,,,,,,,,,,,,,,,,,,,,,,,,
node/5191044921,,,cafe,coffee_shop,Starbucks,,144.9637582,-37.8098319,,,,wlan,Mo-Fr 06:30-21:00; Sa 07:30-21:00; Su 08:00-20:30,,yes,https://www.starbucks.com.au,,,0,,Starbucks,Q37158,en:Starbucks,,,,,,,,,,,,,,,,,,,Starbucks Coffee,,,,,,,,,,,,,,,,,,,,,,,,,,,,,,,,,,,,,,,,,,,,,,,,,,,,,,,,,,,,,,,,,,,,,,
node/5273685460,,,cafe,,Hookah Cafe,,-80.6228622,28.0567113,,,,,,,,,,,,dedicated,,,,,,,,,,,,,,,,,,,,,,,,,,,,,,,,,,,,,,,,,,,,,,,,,,,,,,,,,,,,,,,,,,,,,,,,,,,,,,,,,,,,,,,,,,,,
node/5330061121,,,cafe,,,,144.9720018,-37.8133332,,,,,,,,,,,,,,,,,,,,,,,,,,,,,,,,,,,,,,,,,,,,,,,,,,,,,,,,,,,,,,,,,,,,,,,,,,,,,,,,,,,,,,,,,,,,,,,,,,,,,,,,
node/5433712321,669,Bourke Street,cafe,,The School of Life,,144.9541163,-37.8170674,,,,,Tu-Sa 11:00-17:00,,,https://www.theschooloflife.com/melbourne/,,,1,,,,,,,,,,,,,,,,,,,,,,,,,,,,,,,,,,,,,,,,,,,,,,,,,,,,,,,,,,,,,,,,,,,,,,,,,,,,,,,,,,,,,,,,,,,,,
node/5907252077,,,cafe,,Ch? Vietnamese Desserts,,144.9617564,-37.8126,,,,,,,,,,,,,,,,,,,,,,,,,,,,,,,,,,,,,,,,,,,,,,,,,,,,,,,,,,,,,,,,,,,,,,,,,,,,,,,,,,,,,,,,,,,,,,,,,,,,,,,,
node/5915274759,,,cafe,coffee_shop,Midtown,,144.9671999,-37.814248,,,,,,,,,,no,,no,,,,,,,,,,,3/02/2025,no,,,,,,,,,,,,,,,,,,,,,,,,,,,,,,,,,,,,,,,,,,,,,,,,,,,,,,,,,,,,,,,,,,,,,,,,,,,,,,,,
node/5928461734,,,cafe,,The Dessert Kitchen,,144.9693178,-37.8114469,,,,,,,,,,,,,,,,,,,,,,,,,,,,,,,,,,,,,,,,,,,,,,,,,,,,,,,,,,,,,,,,,,,,,,,,,,,,,,,,,,,,,,,,,,,,,,,,,,,,,,,,
node/5982185651,,,cafe,sandwich,Frankies,,144.9633559,-37.8091688,,,,,,,only,,,,0,,,,,,,,,,,,,,,,,,,,,,,,,,,,,,,,,,,,,,,,,,,,,,,,,,,,,,,,,,,,,,,,,,,,,,,,,,,,,,,,,,,,,,,,,,,,,
node/5982186590,427-433,Swanston Street,cafe,coffee_shop,The Bean Project,yes,144.9629547,-37.808299,,,,wlan,Mo-Fr 07:30-17:00,,yes,,,yes,2,no,,,,26/03/2026,https://www.facebook.com/beanprojectcafe/,kerrie@thebeanproject.com.au,,,,,,,,,,,,,,,,,,yes,,,,,yes,,,,,,,,,,,,,,yes,,,,,,yes,yes,,yes,yes,,,,,,,,,,,,,,,200,+61 405 567 772,,,,,,,,,,,,,,,,,,,,,,,
node/5984439562,168,Bourke Street,cafe,,Nana's Green Tea,yes,144.9685593,-37.8128242,,,,,"Mo off; Tu-Th,Su 11:00-22:00; Fr-Sa 11:00-23:00",,,,,,,,,,,1/12/2024,,,,,,,,,,,,,,,,,,,,,,,,,,,,,,,,,,,,,,,,,,,,,,,,,,,,,,,,,,,,,,,,,,,,,,,,,,,,,,,,,,,,,,,,
node/6018578496,,,cafe,,In a Rush,,144.9701668,-37.8129111,,,,,,,,,,,,,,,,,,,,,,,,,,,,,,,,,,,,,,,,,,,,,,,,,,,,,,,,,,,,,,,,,,,,,,,,,,,,,,,,,,,,,,,,,,,,,,,,,,,,,,,,
node/6060217813,,,cafe,,Brunetti,yes,144.965816,-37.8166972,,,,,,,,,,,,,,,,,,,,,,,,,,,,,,,,,,,,,,,,,,,,,,,,,,,,,,,,,,,,,,,,,,,,,,,,,,,,,,,,,,,,,,,,,,,,,,,,,,,,,,,,
node/6067959449,,,cafe,,Brown Sugar,,144.9642999,-37.8153063,,,,,,,,,,,,,,,,,,,,,,,,,,,,,,,,,,,,,,,,,,,,,,,,,,,,,,,,,,,,,,,,,,,,,,,,,,,,,,,,,,,,,,,,,,,,,,,,,,,,,,,,
node/6067959450,,,cafe,,Little Collins,,144.9642353,-37.815175,,,,,,,,,,,,,,,,,,,,,,,,,,,,,,,,,,,,,,,,,,,,,,,,,,,,,,,,,,,,,,,,,,,,,,,,,,,,,,,,,,,,,,,,,,,,,,,,,,,,,,,,
node/6067959451,,,cafe,,Gordon??,,144.9642886,-37.8145437,,,,,,,,,,,,,,,,,,,,,,,,,,,,,,,,,,,,,,,,,,,,,,,,,,,,,,,,,,,,,,,,,,,,,,,,,,,,,,,,,,,,,,,,,,,,,,,,,,,,,,,,
node/6138135264,,,cafe,,Coffee Exchange,,144.9730264,-37.8126026,,,,,,,,,,,,,,,,,,,,,,,,,,,,,,,,,,,,,,,,,,,,,,,,,,,,,,,,,,,,,,,,,,,,,,,,,,,,,,,,,,,,,,,,,,,,,,,,,,,,,,,,
node/6138135267,,,cafe,,Axil Coffee Roasters,limited,144.9714768,-37.8150764,,,,,Mo-Fr 07:00-16:00,,,,,,,,,,,,,,,,,,,,,,,,,,,,,,,,,,,,,,,,,,,,,,,,,,,,,,,,,,,,,,,,,,,,,,,,,,,,,,,,,,,,,,,,,,,,,,,,,,,
node/6138135281,,,cafe,,Tom Thumb,yes,144.9727708,-37.8148983,,,,,,,only,,,yes,,outside,,,,,,,,,,,,,,,,,,,,,,,,,,,,,,,,,,,,,,,,,,,,,,,,,yes,,,,,,,,,,,,,,,,,,,,,,,,,,,,,,,,,,,,,,,,,,,
node/6138840893,,,cafe,coffee_shop,Vacation,yes,144.9721312,-37.8159177,,,,,"Mo-Fr 06:30-14:00; Sa,Su 07:00-14:00",,yes,,,,,,,,,12/02/2025,,,,,,,,,,,,,,,yes,,,,,,,,,,,,,,,,,,,,,,,yes,yes,,,,,,yes,yes,,,,,,,,,,,,,,,,,,,,,,,,,,,,,,,,,,,,,,,,,,
node/6160470699,16-18,Centre Place,cafe,,Euro Lane Cafe,,144.9656024,-37.8166194,,Melbourne,,,,,,,,,,,,,,,,,,,,VIC,,,,,,,,,,,,,,,,,,,,,,,,,,,,,,,,,,,,,,,,,,,,,,,,,,,,,,,,,,,,,,,,,,,,,,,,,,,,,,,,,,
node/6316826994,161,Collins Street,cafe,,Lune,no,144.9691638,-37.8155697,,,,,"Mo-Fr 07:30-17:00; Sa, Su 08:00-17:00",,only,,,,0,,,,,19/07/2022,,,,16,,,,,,,,,,,,,,,,,,,,,,,,,,,,,no,,,,,no,,,,,,,yes,,,,,,,,,,,,,,,,,,,,,only,yes,,,,,,,,,,,,,,,,,,,,,
node/6384798996,209,Flinders Lane,cafe,,Chapter House Coffee,,144.9679146,-37.8164039,,,,,,,,,,,,,,,,,,,,4,,,,,,,,,,,,,,,,,,,,,,,,,,,,,,,,,,,,,,,,,,,,,,,,,,survey,,,,,,,,,,,,,,chc,,,,,,,,,,,,,,,,,,,,
node/6411517896,200,Queen Street,cafe,,Queen Street Food Store,,144.9604035,-37.8137003,,,,,,,,,,,,,,,,,,,,,,,,,,,,,,,,,,,,,,,,,,,,,,,,,,,,,,,,,,,,,,,,,,,,,,,,,,,,,,,,,,,,,cafe,,,,,,,,,,,,,,,,,,,
node/6424356387,,,cafe,,Rustica Canteen,,144.963487,-37.811275,,,,,,,,,,,,,,,,,,,,,,,,,,,,,,,,,,,,,,,,,,,,,,,,,,,,,,,,,,,,,,,,,,,,,,,,,,,,,,,,,,,,,,,,,,,,,,,,,,,,,,,,
node/6424366485,10,Katherine Place,cafe,,Hardware Societe,,144.9566093,-37.8200942,3000,,,,,,,https://hardwaresociete.com/,,,,,,,,15/02/2026,,,,,,,,,,,,,,,,,,,,,,,,,,,,,,,,,,,,,,,,,,,,,,,,,,,,,,,,,,,,,,,,,,,,,,,,,,,,,,,,,,,,,,,,
node/6424368185,,,cafe,,Brick Lane,,144.9598089,-37.8114882,,,,,,,,,,,,,,,,16/02/2026,,,,,,,,,,,,,,,,,,,,,,,,,,,,,,,,,,,,,,,,,,,,,,,,,,,,,,,,,,,,,,,,,,,,,,,,,,,,,,,,,,,,,,,,
node/6556493234,454,Elizabeth Street,cafe,bubble_tea,Happy Lemon,,144.9605079,-37.8079652,3000,Melbourne,,,,,yes,,,,,,Happy Lemon,Q109968422,,14/07/2025,,,,,,VIC,,,,,,,,,,,,,,,,,,,,,,,,,,,,,,,,,,,,,,,,,,,,,,,,,,,,,,,,,,,,,,,,,,,,,,,,,,,,,,,,,,
node/6642218184,83-85,Victoria Street,cafe,,Market Lane Coffee,,144.9579591,-37.8062752,3000,Melbourne,,,Mo-Th 07:00-16:00; Fr-Sa 07:00-17:00; Su 08:00-17:00,,,https://marketlane.com.au,,,,,,,,10/10/2025,,,,,,,,,,,,,,,,,,,,,,,,,,,,,,,,,,,,,,,,,,,,,,,,,,,,,,,,,,,,,,,,,,,,,,,,,,,,,,,,,,,,,,,,
node/6645298746,368-374,Swanston Street,cafe,,Realfoods Canteen,yes,144.9637997,-37.8087156,3000,Melbourne,,yes,"Mo-Fr 09:00-14:30, 16:00-18:00",,,https://www.rusu.rmit.edu.au/realfoods,,yes,3,no,,,,22/04/2026,,,,,realfoods.canteen,VIC,,,,,,,,,,,,,,yes,,,,,,,,,,,,no,,,,,,yes,yes,,,,,,yes,yes,,,,,,,,,,,,,,,,,,20,,,,,"Our Menu will be simple, wholesome, sustainable & affordable. It will continue to be exclusively vegetarian & vegan, & we aim to have a culturally diverse offering. Operator: RUSU",RMIT University Student Union,15/04/2026,,,,,,,,,,,,,,,,,
node/6693560639,,,cafe,,Lonsdale Street Larder,,144.9711439,-37.8094748,,,,,,,,,,,,,,,,,,,,,,,,,,,,,,,,,,,,,,,,,,,,,,,,,,,,,,,,,,,,,,,,,,,,,,,,,,,,,,,,,,,,,,,,,,,,,,,,,,,,,,,,
node/6693608929,2,Casselden Place,cafe,,Mr Speaker,,144.9715755,-37.8092099,3000,Melbourne,,,Mo-Sa 08:00-18:00,,,,,no,,,,,,,,,,,,VIC,,,,,,,,,,,,,,,,,,,,,,,,,,,,,,,,,,,,,,,,,,,,,,,,,,,,,,,,,,,,,,,,,,,,,,,,,,,,,,,,,,
node/6800693287,342,Little Collins,cafe,coffee,Bearded Brothers Coffee,,144.9632551,-37.8152487,,,Galleria Melbourne,,,,yes,https://beardedbrothersespresso.com/,,,,,,,,,,,,,,,,,,,,,,,,,,,,,,,,,,,,,,,,,,,,,,,,,,,,,,,,,,,,,,,,,,,,,,,,,,,,,,,,beardedbrothersespresso@gmail.com,,,,,,,,,,,,,,,,
node/6800693299,,,cafe,,In a Rush,yes,144.9618381,-37.8156794,,,,,,,,,,,,,,,,,,,,,,,,,,,,,,,,,,,,,,,,,,,,,,,,,,,,,,,,,,,,,,,,,,,,,,,,,,,,,,,,,,,,,,,,,,,,,,,,,,,,,,,,
node/6806660958,,Little Bourke Street,cafe,coffee_shop,Patricia Coffee Brewers,yes,144.9582933,-37.8147026,,,,,Mo-Fr 07:00-16:00,,yes,https://www.patriciacoffee.com.au/,,yes,,,,,,29/04/2026,,,,,,,,,,,,,,,,,,,,,,,,,,,,,,,,,,,,,,,,,,,yes,,yes,yes,,,,,,,,,,,,,,,,,,,,,,,,,,,,,,,,,,,,,,,,,,
node/6806666964,,,cafe,crepe;dessert,Harijuku Crepes,limited,144.9637682,-37.8101425,,,,,,,yes,,,yes,1,,,,,,,,,,,,,,,,,,,,no,,,,,,,,,,,,,,,,,,,,,,,,,,,,,,,,,,,,,,,,,,,,,,,,,,,,,,,,,,,,,,,,,,,,,,,,,
node/6806674795,,,cafe,,Anda,yes,144.9720241,-37.809638,,,,,,,,,,,,,,,,,,,,,,,21/10/2024,no,,,,,,,,,,,,,,,,,,,,,,,,,,,,,,no,yes,,,,,,yes,yes,,,,,,,,,,,,,,,,,,,,,,,,,,,,,,,,,,,,,,,,,,
node/6884814185,,,cafe,,Saluministi Sandwiches,,144.9610702,-37.8180936,,,,,,,,,,,,,,,,,,,,,,,,,,,,,,,,,,,,,,,,,,,,,,,,,,,,,,,,,,,,,,,,,,,,,,,,,,,,,,,,,,,,,,,,,,,,,,,,,,,,,,,,
node/6897145785,10,Howey Place,cafe,sandwich;coffee_shop,Union Kiosk,,144.9652411,-37.8150283,3000,Melbourne,,no,Mo-Su 08:00-15:00,+61 481 165 873,yes,https://unionkiosk.com.au/,,yes,,,,,,4/04/2026,,,,,,VIC,,,,,,,,,,,,,,,,,,,,,,,,,,,,,,,,yes,,,,,,,,,,,,,,,,,,,,,,,,,,,,,,,,,,,,,,,,,,,,,,,,,,
node/6907655467,517,Elizabeth Street,cafe,,Cafe Victoria,,144.9594638,-37.8068124,,,,,,+61 3 9329 6891,,,,yes,,,,,,,,,,,,,,,,,,,,,yes,,,,,,,,,,,,,,,,,,,,,,,,,,,,,,,,,,,,,,,,,,,,,,,,,,,,,,,,,,,,,,,,,,,,,,,,,
node/6907696918,,Guests Lane,cafe,bagel,Schmucks Bagels,,144.9568615,-37.8145279,,,,,Mo-Fr 07:00-15:30; Sa-Su 07:30-15:30,+61 3 8393 1948,,https://schmucksbagels.com.au/,,yes,,no,,,,,,,,,,,,,,,,,,,yes,,,,,yes,,,,,,,,,,,,,,,,,,no,yes,,,,,,yes,yes,,,,,,,,,,,,,,,,,,,,,,,,,,,,,,,,,,,,,,,,,,
node/7132635362,12,Drewery Lane,cafe,coffee_shop,Little Rogue,no,144.9640518,-37.8109925,3000,Melbourne,,no,Mo-Fr 07:30-17:00; Sa-Su 08:30-17:00,,yes,,,no,,,,,,,https://www.facebook.com/LittleRogueMelbourne/,,,,,VIC,,,,,,,,,,,,,,yes,,,,,yes,,,,,no,,,,,,,,,,,,,yes,yes,yes,yes,,,no,,,,,,,,,,,,,,,,,,,,Blue door next to the white cat.,,,,yes,permissive,,,,,,,,,,,,,,
node/7132672806,423,Little Collins Street,cafe,coffee_shop,Shamble Coffee Brewers,,144.9606255,-37.8161818,3000,Melbourne,,,Mo-Fr 07:00-17:00; Sa 09:00-16:00,,,,,no,,,,,,,,,,,,VIC,,,,,,,,,,,,,,yes,,,,,,,,,,,,,,,,,,,,,,,,,,,,,,,,,,,,,,,,,,,,,,,,,,,,,,,,,,,,,,,,,,,,
node/7249901885,,,cafe,,Class Ramen,,144.9674504,-37.811257,,,,,,,,,,,,,,,,,,,,,,,,,,,,,,,,,,,,,,,,,,,,,,,,,,,,,,,,,,,,,,,,,,,,,,,,,,,,,,,,,,,,,,,,,,,,,,,,,,,,,,,,
node/8221440822,,,cafe,,El Churro Cafe,,144.9656642,-37.8172089,,,,,,,,,,,,,,,,,,,,,,,,,,,,,,,,,,,,,,,,,,,,,,,,,,,,,,,,,,,,,,,,,,,,,,,,,,,,,,,,,,,,,,,,,,,,,,,,,,,,,,,,
node/8537078518,26,Katherine Place,cafe,,Hunters' Roots,,144.9564578,-37.8197581,3000,,,,,,,https://www.huntersroots.com/,,,,,,,,,,,,,,,,,,,,,,,,,,,,,,,,,,,,,,,,,,,,,,,,,,,,,,,,,,,,,,,,,,,,,,,,,,,,,,,,,,,,,,,,,,,,,,,,
node/8562311369,243,Franklin Street,cafe,,Airflow Coffee Co,,144.956785,-37.8098639,,,,,,,,,,no,,,,,,,,,,2,,,,,,,,,,,yes,,,,,,,,,,,,,,,,,,,,,,,,,,,,,,,,,,,,,,,,,,,,,,,,,,,,,,,,,,,,,,,,,,,,,,,,,
node/8972382968,,,cafe,,Riverslide Skate Shop and Caf?,,144.9728423,-37.8209295,,,,,,,,,,,,,,,,,,,,,,,,,,,,,,,,,,,,,,,,,,,,,,,,,,,,,,,,,,,,,,,,,,,,,,,,,,,,,,,,,,,,,,,,,,,,,,,,,,,,,,,,
node/9021481033,8,Exploration Lane,cafe,coffee_shop,The League of Honest Coffee,,144.9684342,-37.8092534,3000,Melbourne,,,,+61 3 9654 0169,,https://leagueofhonestcoffee.com.au,,,,,,,,,,,,,,VIC,,,,,,,,,,,,,,,,,,,,,,,,,,,,,,,,,,,,,,,,,,,,,,,,,,,,,,,,,,,,,,,,,,,,,,,,,,,,,,,,,,
node/9026510342,,,cafe,,Di Parsia Pasticceria Caffe,,144.9559432,-37.8209984,,,,,,,,,,,,,,,,,,,,,,,,,,,,,,,,,,,,,,,,,,,,,,,,,,,,,,,,,,,,,,,,,,,,,,,,,,,,,,,,,,,,,,,,,,,,,,,,,,,,,,,,
node/9156859646,,,cafe,,,,144.9789382,-37.8468866,,,,,,,,,,,,,,,,,,,,,,,,,,,,,,,,,,,,,,,,,,,,,,,,,,,,,,,,,,,,,,,,,,,,,,,,,,,,,,,,,,,,,,,,,,,,,,,,,,,,,,,,
node/9219745237,840,East Eau Gallie Boulevard,cafe,coffee_shop,Starbucks,,-80.5859074,28.1390218,32937,,,,,+1 321-773-2081,yes,https://www.starbucks.com/store-locator/store/1021030/eau-gallie-san-pedro-840-east-eau-gallie-blvd-melbourne-fl-329374903-us,,,,,Starbucks,Q37158,,,,,,,,FL,,,,,,,,,,,,Starbucks Coffee,Melbourne,,,,,,,,Eau Gallie & San Pedro,1021030,,,,,,,,,,,,,,,,,,,,,,,,,,,,,,,,,,,,,,,,,,,,,,,,,,,,,,,,,,,,
node/9232823277,,,cafe,,Beluga,,144.9795493,-37.8451369,,,,,,,,,,,,,,,,,,,,,,,,,,,,,,,,,,,,,,,,,,,,,,,,,,,,,,,,,,,,,,,,,,,,,,,,,,,,,,,,,,,,,,,,,,,,,,,,,,,,,,,,
node/9232823279,,,cafe,,La Calline,,144.9799686,-37.8451846,,,,,,,,,,,,,,,,,,,,,,,,,,,,,,,,,,,,,,,,,,,,,,,,,,,,,,,,,,,,,,,,,,,,,,,,,,,,,,,,,,,,,,,,,,,,,,,,,,,,,,,,
node/9232823282,,,cafe,,Woods,,144.9786964,-37.8462292,,,,,,,,,,,,,,,,,,,,,,,,,,,,,,,,,,,,,,,,,,,,,,,,,,,,,,,,,,,,,,,,,,,,,,,,,,,,,,,,,,,,,,,,,,,,,,,,,,,,,,,,
node/9232823284,,,cafe,,Espresso Riviera,,144.9789686,-37.8471474,,,,,,,,,,,,,,,,,,,,,,,,,,,,,,,,,,,,,,,,,,,,,,,,,,,,,,,,,,,,,,,,,,,,,,,,,,,,,,,,,,,,,,,,,,,,,,,,,,,,,,,,
node/9429710505,8,Queens Road,cafe,,Mr Percival,,144.9750655,-37.8389826,3004,,,,,,,,,,,,,,,,,,,,,,,,,,,,,,,,,,,,,,,,,,,,,,,,,,,,,,,,,,,,,,,,,,,,,,,,,,,,,,,,,,,,,,,,,,,,,,,,,,,,,,,
node/9570962988,,,cafe,,Anaya Coffee,,-80.626969,28.1299412,,,,,,,,,,,,,,,,,,,,,,,,,,,,,,,,,,,,,,,,,,,,,,,,,,,,,,,,,,,,,,,,,,,,,,,,,,,,,,,,,,,,,,,,,,,,,,,,,,,,,,,,
node/9708368917,,,cafe,,Mock Turtle,,144.9657545,-37.8171424,,,,,,,,,,,,,,,,,,,,,,,,,,,,,,,,,,,,,,,,,,,,,,,,,,,,,,,,,,,,,,,,,,,,,,,,,,,,,,,,,,,,,,,,,,,,,,,,,,,,,,,,
node/9731738511,155,Franklin Street,cafe,bubble_tea,Daboba,,144.9596031,-37.8086427,3000,Melbourne,,,,,,,,,,,,,,,,,,5B,,VIC,,,,,,,,,,,,,,,,,,,,,,,,,,,,,,,,,,,,,,,,,,,,,,,,,,,,,,,,,,,,,,,,,,,,,,,,,,,,,,,,,,
node/9731738513,273,Elizabeth Street,cafe,bubble_tea,Xing Fu Tang,,144.9620102,-37.8121824,,,,,,,yes,,,,,,Xing Fu Tang,Q95720330,,19/03/2026,,,,,,,,,,,,,,,,,,,,,,,,,,,,,,,,,,,,,,,,,,,,,,,,,,,,,,,,?????,Xing Fu Tang,?????,,Xing Fu Tang,,,,,,,,,,,,,Xing Fu Tang,,,,,,,,,,,,,,,
node/9731738514,358,Lonsdale Street,cafe,bubble_tea,Ms PREtea,,144.9619306,-37.8122099,3000,Melbourne,,,,,,https://www.mspretea.com.au/,,,,,,,,,,,,,,VIC,,,,,,,,,,,,,,,,,,,,,,,,,,,,,,,,,,,,,,,,,,,,,,,,,,,,,,,,,,,,,,,,,,,,,,,,,,,,,,,,,,
node/9731738516,134,Elizabeth Street,cafe,bubble_tea,Milksha,,144.9636992,-37.8149495,3000,Melbourne,,,,,,,,,,,,,,,,,,,,VIC,,,,,,,,,,,,,,,,,,,,,,,,,,,,,,,,,,,,,,,,,,,,,,,,,,,,,,,,,,,,,,,,,,,,,,,,,,,,,,,,,,
node/9731777217,289,Flinders Lane,cafe,bubble_tea,Chatime,yes,144.9647877,-37.8171907,3000,Melbourne,,,,,yes,,,,,,Chatime,Q16829306,,8/09/2025,,,,,,VIC,,,,,,,,,,,,,,,,,,,,,,,,,,,,,,,,,,,,,,,,,,,,,,,,,,,,,,,,,,,,,,,,,,,,,,,,,,,,,,,,,,
node/9858406512,,,cafe,,The Cupcake Queens,,144.9615058,-37.8140211,,,,,,,,https://thecupcakequeens.com.au/,,yes,,,,,,,,,,,,,,,,,,,,,,,,,,,,,,,,,,,,,,,,,,,,,,,,,,,,,,,,,,,,,,,,,,,,,,,,,,,,,,,,,,1300 972 827,,,,,,,,,,,,
node/9858416824,485,La Trobe Street,cafe,,The Perch Cafe,,144.9549224,-37.8123945,,,,,,,only,,,,,,,,,16/07/2025,,,,,,,,,,,,,,,,,,,,,,,,,,,,,,,,,,,,,,,,,,,,,,,,,,,,,,,,,,,,,,,,,,,,,,,,,,,,,,,,,,,,,,,,
node/9858420583,,,cafe,,Dari,,144.9613888,-37.814183,,,,,,,,,,,,,,,,,,,,,,,,,,,,,,,,,,,,,,,,,,,,,,,,,,,,,,,,,,,,,,,,,,,,,,,,,,,,,,,,,,,,,,,,,,,,,,,,,,,,,,,,
node/9863043017,,,cafe,coffee_shop,Market Lane Coffee,,144.9590838,-37.8066911,,,,,,,,,,,,,,,,,,,,,,,,,,,,,,,,,,,,,,,,,,,,,,,,,,,,,,,,,,,,,,,,,,,,,,,,,,,,,,,,,,,,,,,,,,,,,,,,,,,,,,,,
node/9896495564,,Flinders Street,cafe,,Riverside Deli,,144.9582571,-37.8199064,,,,,,,,,,,0,,,,,19/07/2022,,,,,,,,,,,,,,,,,,,,,,,,,,,,,,,,,,,,,,,,,,,,,,,,,,,,,,,,,,,,,,,,,,,,,,,,,,,,,,,,,,,,,,,,
node/9896537307,,,cafe,,Crema Cafe,,144.9630457,-37.8151402,,,,,,,,,,,1,,,,,19/07/2022,,,,,,,,,,,,,,,,,,,,,,,,,,,,,,,,,,,,,,,,,,,,,,,,,,,,,,,,,,,,,,,,,,,,,,,,,,,,,,,,,,,,,,,,
node/9898713556,314,Little Collins Street,cafe,,Caffe E Torta,limited,144.9642234,-37.814983,,,,,,,yes,,,,0,,,,,20/07/2022,,,,,,,,,,,,,,,,,,,,,,,,,,,,,,,,,,,,,,,,,,,,,,,,,,,,,,,,,,,,,,,,,,,,,,,,,,,,,,,,,,,,,,,,
node/9898780796,,,cafe,french,Croque Monsieur,,144.9663397,-37.8168787,,,,,We-Fr 08:00-15:00; Sa-Su 09:00-16:00,+61 3 9639 7909,,,,yes,0,,,,,20/07/2022,,,,,,,,,,,,,,,,,,,,,,,,,,,,,,,,,,,,,,,,,,,,,,,,,,,,,,,,,,,,,,,,,,,,,,,,,,,,,,,,,,,,,,,,
node/9898780797,,,cafe,french,Roule Galette,,144.9662846,-37.8167558,,,,,Tu-Th 08:00-20:00; Fr 08:00-21:30; PH closed; Sa 09:00-21:00; Su 09:00-17:00; Mo closed,,,,,,0,,,,,19/07/2025,,,,,,,,,,,,,,,,,,,,,,,,,,,,,,,,,,,,,,,,,,,,,,,,,,,,,,,,,,,,,,,,,,,,,,,,,,,,,,,,,,,,,,,,
node/9962790239,2,Elizabeth Street,cafe,bubble_tea,King Tea,,144.9650575,-37.81789,3000,Melbourne,,,,,,,,,,,,,,,,,,7a,,VIC,,,,,,,,,,,,,,,,,,,,,,,,,,,,,,,,,,,,,,,,,,,,,,,,,,,,,,,,,,,,,,,,,,,,,,,,,,,,,,,,,,
node/9962790240,258,Flinders Street,cafe,bubble_tea,CoCo Fresh Tea & Juice,,144.965861,-37.817757,3000,Melbourne,,,,,yes,,,,,,CoCo,Q65084369,,16/02/2026,,,,,,VIC,,,,,,,,,,,,,,,,,,,,,,,,,,,,,,,,,,,,,,,,,,,,,,,,,,,,,,,,,,,,,,,,,,,,,,,CoCo,,,,,,,,,,,
node/9962790244,188,Russell Street,cafe,bubble_tea,Wu Cha,,144.9678868,-37.8118625,3000,Melbourne,,,,,,,,,,,,,,,,,,,,VIC,,,,,,,,,,,,,,,,,,,,,,,,,,,,,,,,,,,,,,,,,,,,,,,,,,,,,,,,,,,,,,,,,,,,,,,,,,,,,,,,,,
node/9962790245,,,cafe,bubble_tea,Bubble Cup,,144.9658383,-37.8106485,,,,,,,,,,,0,,,,,,,,,,,,,,,,,,,,,,,,,,,,,,,,,,,,,,,,,,,,,,,,,,,,,,,,,,,,,,,,,,,,,,,,,,,,,,,,,,,1,,,,,,,,,,
node/9962790246,,,cafe,bubble_tea,Chatime,,144.9657626,-37.810687,,,,,,,yes,,,,,,Chatime,Q16829306,,,,,,,,,,,,,,,,,,,,,,,,,,,,,,,,,,,,,,,,,,,,,,,,,,,,,,,,,,,,,,,,,,,,,,,,,,,,,,,,,,,,,,,,,,
node/9962790247,285,Swanston Street,cafe,bubble_tea,Sharetea,yes,144.9644057,-37.811371,3000,Melbourne,,,Mo-Th 11:00-21:30; Fr-Su 11:00-22:00; PH closed,,yes,https://sharetea.com.au,,,,,Sharetea,Q64827032,,13/12/2025,,,,,,VIC,19/10/2024,,,,,,,,,,,,,,,,,,,,,,,,,,,,,,,,,,,,,,,,,,,,,,,,,,,,?????,,Sharetea,,,,,,,,,,,,,,,,,,,,,,,,,,,
node/9962790248,250,Swanston Street,cafe,bubble_tea,CoCo Fresh Tea & Juice,,144.9651916,-37.8120734,3000,Melbourne,,,,,yes,,,,,,CoCo,Q65084369,,,,,,,,VIC,,,,,,,,,,,,,,,,,,,,,,,,,,,,,,,,,,,,,,,,,,,,,,,,,,,,,,,,,,,,,,,,,,,,,,,CoCo,,,,,,,,,,,
node/9962790249,,,cafe,bubble_tea,Top Tea,,144.9652417,-37.8121854,,,,,,,,,,,,,,,,,,,,,,,,,,,,,,,,,,,,,,,,,,,,,,,,,,,,,,,,,,,,,,,,,,,,,,,,,,,,,,,,,,,,,,,,,,,,,,,,,,,,,,,,
node/9962790250,,,cafe,bubble_tea,Yi Fang Tea,,144.9640564,-37.8107167,,,,,,,only,,,no,,,Yi Fang Tea,Q66196395,,,,,,,,,,,,,,,,,no,,,,,,,,,,,,Taiwan,,,,,,,,,,,,,,,,,,,,,,,,,,,,,?€??????,,,?€??????,,,Yi Fang Tea,,,,,,,,,,,,,Yi Fang Tea,,,,,,,,,,,,,
node/9962790251,,,cafe,bubble_tea,Gong Cha,,144.9629004,-37.810582,,,,,,,yes,,,,1,,Gong Cha,Q5581670,,,,,,,,,,,,,,,,,,,,,,,,,,,,,,,,,,,,,,,,,,,,,,,,,,,,,,,,,,???,,Gong Cha,???,,,,,,,,,,,,,,,,,,,,,,,,,,,,,
node/10048390713,,,cafe,ice_cream,Barbarella,,144.9644698,-37.8155436,,,,,,,yes,,,,0,,,,,,,,,,,,,,,,,,,,,,,,,,,,,,,,,,,,,,,,,,,,,,,,,,,,,,,,,,,,,,,,,,,,,,,,,,,,,,,,,,,,,,,,,,,,,
node/10048393910,,,cafe,french,The Little Royal,yes,144.9641568,-37.8147003,,,,,,,only,,,,0,,,,,,,,,,,,,,,,,,,,,,,,,,,,,,,,,,,,,,,,,,,,,,,,,,,,,,,,,,,,,,,,,,,,,,,,,,,,,,,,,,,,,,,,,,,,,
node/10048393915,,,cafe,,Kit Espresso,yes,144.9638096,-37.8146926,,,,,Mo-Fr 07:30-17:00; Sa-Su 08:00-17:00,,yes,,,,0,,,,,,,,,,,,,,,,,,,,,,,,,,,,,,,,,,,,,,,,,,,,,,,,,,,,,,,,,,,,,,,,,,,,,,,,,,,,,,,,,,,,,,,,,,,,,
node/10048415130,,,cafe,,Coal River Farm,no,144.9641473,-37.8156404,,,,,,,yes,,,,0,,,,,,,,,,,,,,,,,,,,,,,,,,,,,,,,,,,,,,,,,,,,,,,,,,,,,,,,,,,,,,,,,,,,,,,,,,,,,,,,,,,,,,,,,,,,,
node/10048415133,,,cafe,french,Le Petit Chateau,limited,144.964372,-37.8154842,,,,,,,yes,,,,0,,,,,,,,,,,,,,,,,,,,,,,,,,,,,,,,,,,,,,,,,,,,,,,,,,,,,,,,,,,,,,,,,,,,,,,,,,,,,,,,,,,,,,,,,,,,,
node/10048418853,,,cafe,,30 Block Place,limited,144.964372,-37.8152596,,,,,,,yes,,,yes,0,,,,,,,,,,,,,,,,,,,,,,,,,,,,,,,,,,,,,,,,,,,,,,,,,,,,,,,,,,,,,,,,,,,,,,,,,,,,,,,,,,,,,,,,,,,,,
node/10209546944,28,Niagara Lane,cafe,,Tori??,,144.9614331,-37.8129514,,,,,Mo-Su 10:00-18:00,,,https://toris.com.au/,,,,,,,,,,,,,,,,,,,,,,,,,,,,,,,,,,,,,,,,,,,,,,,,,,,,,,,,,,,,,,,,,,,,,,,,,,,,,,,,,,,,,,,,,,,,,,,,
node/10566599043,,,cafe,,,,144.9752123,-37.8368963,,,,,,,,,,,,,,,,,,,,,,,,,,,,,,,,,,,,,,,,,,,,,,,,,,,,,,,,,,,,,,,,,,,,,,,,,,,,,,,,,,,,,,,,,,,,,,,,,,,,,,,,
node/10575862599,,,cafe,,Common Place Coffee Brewers,yes,144.9541949,-37.8151033,,,,,Mo-Fr 06:00-16:00; Sa 07:00-16:00; PH 08:00-15:00 open; Su 08:00-15:00,,yes,,,,0,,,,,,,,,,,,,,,,,,,,,,,,,,,,,,,,,,,,,,,,,,,,,,,,,,,,,,,,,,,,,,,,,,,,,,,,,,,,,,,,,,,,,,,,,,,,,
node/10598223465,20,Equitable Place,cafe,,Mork Chocolate,limited,144.9632245,-37.8157527,,,,,Mo-Fr 08:00-16:00,+61 413 806 286,only,https://www.morkchocolate.com.au/,,,0,,M?rk Chocolate,,,10/11/2025,https://www.facebook.com/morkchocolate/,,,,https://www.instagram.com/morkchocolate,,,,,,,,,,,,,,,,,,,,,chocolate,City,,,,,,,,,,,,,,,,,,,,,,,,,,,,,,,,,,,,,,,,,,,,,,,,,,,,,,,,,,,,,
node/10711265206,387,Little Bourke Street,cafe,coffee_shop,Maker,limited,144.9613601,-37.8137557,,,,,Mo-Fr 07:00-16:00; Sa-Su 08:00-16:00,,,https://makercoffee.com.au/,,yes,0,,,,,8/02/2026,https://www.facebook.com/makercoffeemelbourne/,ltbourke@makercoffee.com.au,,,https://www.instagram.com/makercoffeemelbourne,,,,,,,,,,,,,,,,,,,,,,,,,,,,,,,,,,,,,,no,,yes,yes,,,,,,,,,,,,,,,,,,,,,,,,,,,,,,,,,https://www.tiktok.com/@https:,,,,,,,,,
node/10744507205,,,cafe,,,,144.9652048,-37.8120661,,,,,,,,,,,,,,,,,,,,,,,,,,,,,,,,,,,,,,,,,,,,,,,,,,,,,,,,,,,,,,,,,,,,,,,,,,,,,,,,,,,,,,,,,,,,,,,,,,,,,,,,
node/10805869530,,,cafe,coffee_shop,Foxtail Coffee,,-80.6076841,28.079229,,,,,,,,,,,,,,,,,,,,,,,,,,,,,,,,,,,,,,,,,,,,,,,,,,,,,,,,,,,,,,,,,,,,,,,,,,,,,,,,,,,,,,,,,,,,,,,,,,,,,,,,
node/10846059884,,,cafe,bubble_tea,Gotcha,,144.9637174,-37.8098249,,,,,,,,,,no,1,,,,,,,,,,,,,,,,,,,,yes,,,,,,,,,,,,,,,,,,,,,,,,,,,,,,,,,,,,,,,,,,,,,,,,,,,,,,,,,,,,,,,,,,,,,,,,,
node/10979862105,,,cafe,,Cafe Andiamo,,144.9657481,-37.8170187,,,,,,,,,,,,,,,,16/02/2026,,,,,,,,,,,,,,,,,,,,,,,,,,,,,,,,,,,,,,,,,,,,,,,,,,,,,,,,,,,,,,,,,,,,,,,,,,,,,,,,,,,,,,,,
node/10988836729,,,cafe,,Bloomwood,,144.9704851,-37.8125537,,,,,,,,,,,,,,,,,,,,,,,25/09/2024,no,,,,,,,,,,,,,,,,,,,,,,,,,,,,,,,,,,,,,,,,,,,,,,,,,,,,,,,,,,,,,,,,,,,,,,,,,,,,,,,,
node/11011334661,,,cafe,,Warkop,,144.9729732,-37.8126094,,,,,,,,,,,,,,,,,,,,,,,,,,,,,,,,,,,,,,,,,,,,,,,,,,,,,,,,,,,,,,,,,,,,,,,,,,,,,,,,,,,,,,,,,,,,,,,,,,,,,,,,
node/11015071586,,,cafe,coffee_shop,Starbucks,yes,144.9705649,-37.8115889,,,,,Mo-Su 07:00-19:00,,yes,,,,,,Starbucks,Q37158,,,,,,,,,,,,,,,,,,,,Starbucks Coffee,,,,,,,,,,,,,,,,,,,,,,,,,,,,,,,,,,,,,,,,,,,,,,,,,,,,,,,,,,,,,,,,,,,,,,
node/11055780107,,,cafe,coffee_shop,Maverick,,144.9705103,-37.8133111,,,,,,,,,,,,,,,,,,,,,,,,,,,,,,,,,,,,,,,,,,,,,,,,,,,,,,,,,,,,,,,,,,,,,,,,,,,,,,,,,,,,,,,,,,,,,,,,,,,,,,,,
node/11104114002,,,cafe,juice,Boost Juice,yes,144.9634832,-37.8102056,,,,,,,only,,,,1,,Boost Juice,Q4943789,,,,,,,,,,,,,,,,,,,,,,,,,,,,,,,,,,,,,,,,,,,,,,,,,,,,,,,,,,,,,,,,,,,,,,,,,,,,,,,,,,,,,,,,,,
node/11104138609,,,cafe,bubble_tea,Gong Cha,limited,144.9641236,-37.8107728,,,,,Mo-Su 11:00-20:00,,only,https://gongchatea.com.au,,no,0,,Gong Cha,Q5581670,,,,,,,,,,,,,,,,,no,,,,,,,,,,,,,,,,,,,,,,,,,,,,,,,,,,,,,,,,,???,,Gong Cha,???,,,,,,,,,,,,,,,,,,,,,,,,,,,,,
node/11133479238,630,Little Collins Street,cafe,,Code Black Coffee,yes,144.9538677,-37.8178741,3000,Melbourne,,,Mo-Fr 07:00-17:00; Sa-Su 08:00-16:00,,only,https://codeblackcoffee.com.au/,,,0,,,,,13/02/2025,,,,,,VIC,,,,,,,,,,,,,,,,,,,,,,,,,,,,,,,,,,,,,,,,,,,,,,,,,,,,,,,,,,,,,,,,,,,,,,,,,,,,,,,,,,
node/11133502125,,,cafe,,Oli & Levi Espresso,limited,144.9562443,-37.8160083,,,,,,,only,,,,0,,,,,,,,,,,,,,,,,,,,,,,,,,,,,,,,,,,,,,,,,,,,,,,,,,,,,,,,,,,,,,,,,,,,,,,,,,,,,,,,,,,,,,,,,,,,,
node/11135210948,,,cafe,pretzel,,,144.9623579,-37.8108221,,,,,,,,,,no,,,,,,,,,,,,,,,,,,,,,yes,,,,,,,,,,,,,,,,,,,,,,,,,,,,,,,,,,,,,,,,,,,,,,,,,,,,,,,,,,,,,,,,,,,,,,,,,
node/11135649013,,,cafe,,People's Coffee,yes,144.9707146,-37.8136265,,,,,Mo-Fr 07:00-16:00; Sa-Su closed; PH closed,,yes,,,yes,0,,,,,,,,,,,,,,,,,,,,,,,,,,,,,,,,,,,,,,,,,,,,,,,,,,,,,,,,,,,,,,,,,,,,,,,,,,,,,,,,,,,,,,,,,,,,,
node/11135649031,,,cafe,,Upstate Coffee,yes,144.9708413,-37.813731,,,,,,,only,,,,0,,,,,,,,,,,,,,,,,,,,,,,,,,,,,,,,,,,,,,,,,,,,,,,,,,,,,,,,,,,,,,,,,,,,,,,,,,,,,,,,,,,,,,,,,,,,,
node/11135663739,166,Little Collins Street,cafe,,Quists Coffee,no,144.968048,-37.8138348,3000,Melbourne,,,Mo-Fr 08:00-16:00; Sa-Su closed; PH closed,,yes,,,,,,,,,,,,,,,VIC,,,,,,,,,,,,,,,,,,,,,,,,,,,,,,,,,,,,,,,,,,,,,,,,,,,,,,,,,,,,,,,,,,,,,,,,,,,,,,,,,,
node/11135663744,188-190,Little Collins Street,cafe,,Other Side,limited,144.9676536,-37.8139701,3000,Melbourne,,,,,yes,,,no,0,no,,,,,,,,Shop 3,,VIC,,,,,,,,,yes,,,,,yes,,,,,,,,,,no,,,,,,,,,no,,,,,,yes,yes,,,no,,,,,,,,,,,,,,,,,,,,,,,,,,,,,,,,,,,,,,,
node/11162131785,,,cafe,,The League Of Honest Coffee,designated,144.9559533,-37.807659,,,,,,,yes,,,,0,,,,,4/09/2025,,,,,,,,,,,,,,,,,,,,,,,,,,,,,,,,,,,,,,,,,,,,,,,,,,,,,,,,,,,,,,,,,,,,,,,,,,,,,,,,,,,,,,,,
node/11168817851,431,St Kilda Road,cafe,,Slater St Bench,,144.9770146,-37.838756,3004,Melbourne,,,Mo-Fr 07:00-15:00,,,https://benchcoffee.co/,,yes,,,,,,,,,,8,,VIC,,,,,,,,,,,,,,,,,,,,,,,,,,,,,,,,,,,,,,,,,,,,,,,,,,,,,,,,,,,,,,,,,,,,,,,,,,,,,,,,,,
node/11173107408,,,cafe,,Frankies,yes,144.9613347,-37.8081535,,,,,,,only,,,,0,,,,,,,,,,,,,,,,,,,,,,,,,,,,,,,,,,,,,,,,,,,,,,,,,,,,,,,,,,,,,,,,,,,,,,,,,,,,,,,,,,,,,,,,,,,,,
node/11176223426,,,cafe,,Blahnik,yes,144.9631346,-37.8155805,,,,,,,,,,,0,,,,,,,,,,,,,,,,,,,,,,,,,,,,,,,,,,,,,,,,,,,,,,,,,,,,,,,,,,,,,,,,,,,,,,,,,,,,,,,,,,,,,,,,,,,,,
node/11176223427,,,cafe,,Louie,yes,144.9631715,-37.8159014,,,,,Mo-Fr 07:00-15:00; Sa-Su closed; PH closed,,only,,,,,,,,,,,,,,,,25/09/2024,,,,,,,,,,,,,,,,,,,,,,,,,,,,,,,yes,yes,,,,,,yes,yes,,,,,,,,,,,,,,,,,,,,,,,,,,,,,,,,,,,,,,,,,,
node/11176223430,,,cafe,coffee_shop,Vona Co,no,144.9631604,-37.8158657,,,,,,,,,,,,,,,,,,,,,,,25/09/2024,no,,,,,,,,,,,,,,,,,,,,,,,,,,,,,,yes,yes,,,,,,yes,yes,,,,,,,,,,,,,,,,,,,,,,,,,,,,,,,,,,,,,,,,,,
node/11182281880,,,cafe,,Stockroom 567,yes,144.9553914,-37.818908,,,,,,,yes,,,yes,0,,,,,,,,,,,,,,,,,,,,,,,,,,,,,,,,,,,,,,,,,,,,,,,,,,,,,,,,,,,,,,,,,,,,,,,,,,,,,,,,,,,,,,,,,,,,,
node/11182281886,,,cafe,,Namoo Japanese Cafe,,144.956086,-37.8186883,,,,,,,yes,,,,,,,,,,,,,,,,,,,,,,,,,,,,,,,,,,,,,,,,,,,,,,,,,,,,,,,,,,,,,,,,,,,,,,,,,,,,,,,,,,,,,,,,,,,,,,,,,
node/11182281896,567,Collins Street,cafe,,Schmucks Bagels,yes,144.9551873,-37.8189599,,,,,Mo-Fr 06:30-17:30; Sa-Su 07:30-15:00,+61 3 9614 3238,yes,https://schmucksbagels.com.au/,,yes,0,,,,,,,,,,,,,,,,,,,,yes,,,,,,,,,,,,,,,,,,,,,,,,,,,,,,,,,,,,,,,,,,,,,,,,,,,,,,,,,,,,,,,,,,,,,,,,,
node/11182312623,,,cafe,,Square One,yes,144.9568979,-37.8184404,,,,,,,yes,,,yes,0,,,,,,,,,,,,20/10/2025,no,,,,,,,,,,,,,,,,,,,,,,,,,,,,,,yes,yes,,,,,,yes,yes,,,,,,,,,,,,,,,,,,,,,,,,,,,,,,,,,,,,,,,,,,
node/11182318149,,,cafe,juice,The George,no,144.9582495,-37.8177211,,,,,,,yes,,,yes,0,,,,,,,,,,,,,,,,,,,,,,,,,,,,,,,,,,,,,,,,,,,,,,,,,,,,,,,,,,,,,,,,,,,,,,,,,,,,,,,,,,,,,,,,,,,,,
node/11261660467,,,cafe,italian,Romape Cibo Da Strada,,144.9568049,-37.8076606,,,,,,,only,,,,,,,,,,,,,,,,,,,,,,,,,,,,,,,,,,,,,,,,,,,,,,,,,,,,,,,,,,,,,,,,,,,,,,,,,,,,,,,,,,,,,,,,,,,,,,,,,
node/11301253941,,,cafe,,Marche Board Game Cafe,,144.961732,-37.8091379,,,,,"We, Th 17:30-21:30; Fr, Sa 17:30-23:00; Su 12:30-15:30, 17:30-20:00",,,,,no,,,,,,,,,,,marcheboardgame,,,,,,,,,,yes,,,,,,,,,,,,,,,,,,,,,,,,,,,,,,,,,,,,,,,,,,,,,,,,,,,,,,,,,,,,,,,,,board_game,,,,,,,,
node/11357503045,87-89,Victoria Street,cafe,,Original Chai Co,,144.95786,-37.8062626,3000,Melbourne,,,"Tu-Fr 08:00-15:00; We off; Sa,Su 08:00-16:00",,,https://www.originalchaico.com.au/,,yes,,,,,,,,,,,,VIC,,,,,,,,,,,,,,,,,,,,,,,,,,,,,,,,,,,,,,,,,,,,,,,,,,,,,,,,,,,,,,,,,,,,,,,,,,,,,,,,,,
node/11397035344,366,Little Collins Street,cafe,french;coffee_shop;cake,Le Yeahllow Little Collins Street,,144.9623875,-37.8155303,3000,Melbourne,,,Mo-Sa 07:00-18:30,+61 3 9600 1129,,https://www.leyeahllow.comau,,,,,,,,,https://www.facebook.com/leyeahllowltcollinsst/,info@leyeahllow.com.au,,,,VIC,,,,,,,,,,,,,,yes,,,,,,,,,,,,,,,,,,,,,,,,,,,,,,,,,,,,,,,,,,,,,,,,,,,30/11/2023,,,,,,,,,,,,,,,,,
node/11411754260,,,cafe,coffee_shop,Starbucks,yes,144.9636114,-37.8100151,,,,,,,yes,,,,0,,Starbucks,Q37158,,,,,,,,,,,,,,,,,,,,Starbucks Coffee,,,,,,,,,,,,,,,,,,,,,,,,,,,,,,,,,,,,,,,,,,,,,,,,,,,,,,,,,,,,,,,,,,,,,,
node/11411909938,,,cafe,coffee_shop,Sam Spade,no,144.959629,-37.8109952,,,,,,,yes,,,,,,,,,,,,,,,,,,,,,,,,,,,,,,,,,,,,,,,,,,,,,,,,,,,,,,,,,,,,,,,,,,,,,,,,,,,,,,,,,,,,,,,,,,,,,,,,,
node/11411909950,,,cafe,coffee_shop,Keki Milk Bar,,144.9592237,-37.8107646,,,,,,,,,,no,,,,,,,,,,,,,,,,,,,,,yes,,,,,,,,,,,,,,,,,,,,,,,,,,,,,,,,,,,,,,,,,,,,,,,,,,,,,,,,,,,,,,,,,,,,,,,,,
node/11413967967,71,Victoria Street,cafe,,Bellboy,yes,144.9585856,-37.806457,,,,,,,yes,,,,0,,,,,,,,,,,VIC,,,,,,,,,,,,,,,,,,,,,,,,,,,,,,,,,,,,,,,,,,,,,,,,,,,,,,,,,,,,,,,,,,,,,,,,,,,,,,,,,,
node/11461034169,,,cafe,cake;sandwich,Little Sparrow,,144.9640014,-37.8121952,,,,,,,,,,,,,,,,,,,,,,,,,,,,,,,,,,,,,,,,,,,,,,,,,,,,,,,,,,,,,,,,,,,,,,,,,,,,,,,,,,,,,,,,,,,,,,,,,,,,,,,,
node/11464592919,9,Degraves Street,cafe,waffle;sandwich,Waffle On,,144.9658924,-37.8173618,3000,Melbourne,,,Mo-Fr 07:30-15:30; Sa 09:30-15:30,+61 450 302 907,,,,no,,,,,,16/02/2026,https://www.facebook.com/WaffleOn.Melbourne/,,,,,VIC,,,,,,,,,,,,,,,,,,,,,,,,,,,,,,,,,,,,,,,,,,,,,,,,,,,,,,,,,,,,,,,,,,,,,,,,,,,,,,,,,,
node/11466742439,,,cafe,coffee_shop,Plus Coffee & Co,yes,144.9649344,-37.8171521,,,,,,,,,,,,,,,,25/02/2026,,,,,,,,,,,,,,,,,,,,,,,,,,,,,,,,,,,,,,,,,,,,,,,,,,,,,,,,,,,,,,,,,,,,,,,,,,,,,,,,,,,,,,,,
node/11466788781,,,cafe,,Code Black Coffee,no,144.9680692,-37.8162463,,,,,,,only,,,,0,,,,,16/02/2026,,,,,,,,,,,,,,,,,,,,,,,,,,,,,,,,,,,,,,,,,,,,,,,,,,,,,,,,,,,,,,,,,,,,,,,,,,,,,,,,,,,,,,,,
node/11466832539,,,cafe,coffee_shop,Cafe Kinetic,limited,144.9709267,-37.8153921,,,,,,,yes,,,yes,0,,,,,,,,,,,,,,,,,,,,,,,,,,,,,,,,,,,,,,,,,,,,,,,,,,,,,,,,,,,,,,,,,,,,,,,,,,,,,,,,,,,,,,,,,,,,,
node/11596191554,1165,Palm Bay Road Northeast,cafe,,7 Brew Coffee,,-80.6401178,28.0355993,32904,,,,,,,,,yes,,,,,,,,,,,,FL,,,,,,,,yes,,,,,Palm Bay,,,,,,,,,,,,,,,,,,,,,,,,,,,,,,,,,,,,,,,,,,,,,,,,,,,,,,,,,,,,,,,,,,,,,
node/11596290118,,,cafe,coffee_shop;brunch,St Ali And The Queen,yes,144.9585625,-37.8076392,,,,,,,yes,,,yes,0,,,,,,,,,,,,,,,,,,,,,,,,,,,,,,,,,,,,,,,,,,,,,,,,,,,,,,,,,,,,,,,,,,,,,,,,,,,,,,,,,,,,,,,,,,,,,
node/11605437658,,,cafe,juice,Queen Vic Juice,limited,144.9592155,-37.8069945,,,,,,,only,,,,0,,,,,,,,,,,,,,,,,,,,,,,,,,,,,,,,,,,,,,,,,,,,,,,,,,,,,,,,,,,,,,,,,,,,,,,,,,,,,,,,,,,,,,,,,,,,,
node/11605798628,,,cafe,italian,Gilli,yes,144.9587362,-37.8073279,,,,,,,yes,,,yes,0,,,,,,,,,,,,,,,,,,,,,,,,,,,,,,,,,,,,,,,,,,,,,,,,,,,,,,,,,,,,,,,,,,,,,,,,,,,,,,,,,,,,,,,,,,,,,
node/11646827495,,,cafe,,CM & Co,yes,144.9622922,-37.817997,,,,,,,yes,,,yes,0,,,,,,,,,,,,,,,,,,,,,,,,,,,,,,,,,,,,,,,,,,,,,,,,,,,,,,,,,,,,,,,,,,,,,,,,,,,,,,,,,,,,,,,,,,,,,
node/11646837827,,,cafe,coffee_shop,Paper Tiger,limited,144.9626424,-37.8185027,,,,,,,yes,,,,0,,,,,,,,,,,,,,,,,,,,,,,,,,,,,,,,,,,,,,,,,,,,,,,,,,,,,,,,,,,,,,,,,,,,,,,,,,,,,,,,,,,,,,,,,,,,,
node/11660869598,,,cafe,pancakes; pizza; ice_cream; sandwich,Romeo's,yes,144.9573679,-37.8072655,,,,,,,yes,,,yes,0,,,,,,,,,,,,,,,,,,,,,,,,,,,,,,,,,F7-F8,,,,,,,,,,,,,,,,,,,,,,,,,,,,,,,,,,,,,,,,,,,,,,,,,,,,,,,,,,,,
node/11726229968,,,cafe,coffee_shop,Mars Miller,,144.9685203,-37.8100645,,,,,,,,,,,,,,,,,,,,,,,,,,,,,,,,,,,,,,,,,,,,,,,,,,,,,,,,,,,,,,,,,,,,,,,,,,,,,,,,,,,,,,,,,,,,,,,,,,,,,,,,
node/11737780180,,Madame Brussels Lane,cafe,,Axil,yes,144.97076,-37.8094469,3000,Melbourne,,,,,,,,yes,,no,,,,,,,,,,,,,,,,,,,,,,,,,,,,,,,,,,,,,,,,,,,,,,,,,,,,,,,,,,,,,,,,,,,,,,,,,,,,,,,,,,,,,,,,,,,,
node/11763285406,,,cafe,ice_cream;bubble_tea,Mixue,yes,144.9605218,-37.8089456,,,,,,,yes,,,,0,,Mixue Ice Cream & Tea,Q107406476,,9/09/2025,,,,,,,,,,,,,,,,,,,,,,,,,no,,,,,,,,,,,,,,,,,,,,,,,,,,,,,,,,,,,,,,,,,,,,,,,,,,,,,,,,,,,,,,,
node/11763285411,,,cafe,bubble_tea,Gong Cha,yes,144.9604687,-37.8088405,,,,,,,only,,,no,0,,Gong Cha,Q5581670,,3/12/2024,,,,,,,,,,,,,,,no,,,,,,,,,,no,,,,,,,,,,,,,,,,,,,,,,,,,,,,,,,???,,Gong Cha,???,,,,,,,,,,,,,,,,,,,,,,,,,,,,,
node/11763285413,,,cafe,bubble_tea,Three Squares,designated,144.9605337,-37.8089766,,,,,,,,,,,0,,,,,,,,,,,,,,,,,,,,,,,,,,,,,,,,,,,,,,,,,,,,,,,,,,,,,,,,,,,,,,,,,,,,,,,,,,,,,,,,,,,,,,,,,,,,,
node/11917423307,,,cafe,coffee_shop,Black Velvet Coffee,,144.9709906,-37.8125576,,,,,,,,,,,,,,,,,,,,,,,,,,,,,,,,,,,,,,,,,,,,,,,,,,,,,,,,,,,,,,,,,,,,,,,,,,,,,,,,,,,,,,,,,,,,,,,,,,,,,,,,
node/11953022670,,,cafe,coffee_shop;pie;pastry,Market Espresso,,144.9578912,-37.8075546,,,,,,,,,,,,,,,,,,,,,,,,,,,,,,,,,,,,,,,,,,,,,,,,,,,,,,,,,,,,,,,,,,,,,,,,,,,,,,,,,,,,,,,,,,,,,,,,,,,,,,,,
node/11953098304,,,cafe,coffee_shop;brunch;burger;sandwich;breakfast,Operator San,,144.9587119,-37.8075758,,,,,,,,,,yes,,,,,,,,,,,,,,,,,,,,,yes,,,,,yes,,,,,,,,,,,,,,,,,,,,,,,,,,,,,,,,,,,,,,,,,,,,,,,,,,,,,,,,,,,,,,,,,,,,
node/12160973258,,,cafe,bubble_tea,Chatime,yes,144.9633943,-37.8114774,,,,,,,yes,,,,0,,Chatime,Q16829306,,,,,,,,,,,,,,,,,no,,,,,,,,,,,,,,,,,,,,,,,,,,,,,,,,,,,,,,,,,,,,,,,,,,,,,,,,,,,,,,,,,,,,,,,,,
node/12161000482,,,cafe,,Tiger's Den,yes,144.9631657,-37.8109777,,,,,,,yes,,,no,0,,,,,,,,,,,,,,,,,,,,yes,,,,,,,,,,,,,,,,,,,,,,,,,,,,,,,,,,,,,,,,,,,,,,,,,,,,,,,,,,,,,,,,,,,,,,,,,
node/12175758067,,,cafe,,Lemon Tree Cafe,,144.9629326,-37.8102506,,,,,,,yes,,,,-1,,,,,,,,,,,,,,,,,,,,yes,,,,,yes,,,,,,,,,,,,,,,,,,,,,,,,,,,,,,,,,,,,,,,,,,,,,,,,,,,,,,,,,,,,,,,,,,,,
node/12175767219,,,cafe,bubble_tea,ComeBuyTea,yes,144.9630703,-37.8109235,,,,,,,,,,,-1,,,,,,,,,,,,,,,,,,,,yes,,,,,yes,,,,,,,,,,,,,,,,,,,,,,,,,,,,,,,,,,,,,,,,,,,,,,,,,,,,,,,,,,,,,,,,,,,,
node/12175777734,,,cafe,bubble_tea,Chatime,yes,144.9629555,-37.8102884,,,,,,,yes,,,,-1,,Chatime,Q16829306,,,,,,,,,,,,,,,,,,,,,,yes,,,,,,,,,,,,,,,,,,,,,,,,,,,,,,,,,,,,,,,,,,,,,,,,,,,,,,,,,,,,,,,,,,,,
node/12175803205,,,cafe,bubble_tea,Gocha Cafe,yes,144.9625334,-37.8103157,,,,,,,,,,no,-1,,,,,,,,,,,,,,,,,,,,yes,,,,,,,,,,,,,,,,,,,,,,,,,,,,,,,,,,,,,,,,,,,,,,,,,,,,,,,,,,,,,,,,,,,,,,,,,
node/12175813193,,,cafe,tea,,yes,144.9619218,-37.8106095,,,,,,,yes,,,no,0,,NUTTEA,Q111313216,,,,,,,,,,,,,,,,,yes,,,,,,,,,,,,,,,,,,,,,,,,,,,,,,,,,,,,,,,,,,,,,,,NUTTEA,,,,,,,,,,,,,NUTTEA,,,,,,,,,,,,,
node/12175813195,,,cafe,coffee_shop,Axil,yes,144.9617596,-37.8106553,,,,,Mo-Fr 19:00-16:00,,yes,,,no,0,,,,,,,,,,,,,,,,,,,,yes,,,,,,,,,,,,,,,,,,,,,,,,,,,,,,,,,,,,,,,,,,,,,,,,,,,,,,,,,,,,,,,,,,,,,,,,,
node/12189113637,,,cafe,,Lovey Patisserie,yes,144.9590807,-37.8078828,,,,,"Mo-Th,Su 10:00-18:00; Fr-Sa 10:00-20:00",,yes,,,,,,,,,,,,,,,,,,,,,,,,yes,,,,,,,,,,,,,,,,,,,,,,,,,,,,,,,,,,,,,,,,,,,,,,,,,,,,,,,,,,,,,,,,,,,,,,,,,
node/12224210601,,,cafe,chocolate,Max Brenner,,144.9651784,-37.8108065,,,,,,,yes,,,,,,Max Brenner,Q955687,,,,,,,,,,,,,,,,,,,,,,,,,,,,,,,,,,,,,,,,,,,,,,,,,,,,,,,,,,,,,,,,Max Brenner,,,,,,,,,,,,,,,,,,,??? ????,,,,,,,
node/12252001572,458,Little Collins Street,cafe,cake,Le Petit Gateau,yes,144.9595571,-37.8163157,,,,,"Mo-Fr 08:00-16:00; Sa,Su off",+61 3 9944 8893,,https://www.race.com.au/racv-club/restaurants-bars/city/le-petit-gateau-patisserie.html,,,,,,,,,,orders@lepetitgateau.com.au,,,lepetitgateaumelb,,,,,,,,,,,,,,,,,,,,,,,,,,,,,,,,,,no,,,,,,yes,yes,,,,,,,,,,,,,,,,,,,,,,,,,,,,,,,,,,,,,,,,,,
node/12252187508,,,cafe,,First Love Coffee,,144.9595963,-37.8177732,,,,,,,,,,,0,,,,,14/11/2025,,,,,,,,,,,,,,,,,,,,,,,,,,,,,,,,,,,,,,,,,,,yes,,yes,yes,,,,,,,,,,,,,,,,,,,,,,,,,,,,,,,,,,,,,,,,,,
node/12259614705,,,cafe,coffee_shop,Puzzle Coffee,yes,144.9633882,-37.810342,,,,,,,only,,,,0,,,,,,,,,,,,,,,,,,,,no,,,,,,no,,,,,,,,,,,,,,,,,,,,,,,,,,,,,,,,,,,,,,,,,,,,,,,,,,,,,,,,,,,,,,,,,,,
node/12264598496,,,cafe,,Ichigo,yes,144.9593948,-37.8086376,,,,,,,yes,,,,0,,,,,,,,,,,,,,,,,,,,yes,,,,,,,,,,,,,,,,,,,,,,,,,,,,,,,,,,,,,,,,,,,,,,,,,,,,,,,,,,,,,,,,,,,,,,,,,
node/12387403120,236,Little Bourke Street,cafe,bubble_tea,Okey Dokey Dessert,,144.9658479,-37.8122854,,,,,,,,,,,,,,,,1/12/2024,,,,,,,,,,,,,,,,,,,,,,,,,,,,,,,,,,,,,,,,,,,,,,,,,,,,,,,,,,,,,,,,,,,,,,,,,,,,,,,,,,,,,,,,
node/12389176870,,,cafe,,Foundry Lane,,144.9676255,-37.8104731,,,,,,,,,,,,,,,,,,,,,,,,,,,,,,,,,,,,,,,,,,,,,,,,,,,,,,,,,,,,,,,,,,,,,,,,,,,,,,,,,,,,,,,,,,,,,,,,,,,,,,,,
node/12401336786,1700,West New Haven Avenue,cafe,coffee_shop,Starbucks,Yes,-80.6500658,28.0815756,32904,,,wlan,Mo-Th 09:30-19:30; Fr-Sa 09:00-20:30; Su 11:00-18:30,,yes,,,,0,no,Starbucks,Q37158,,,,,,439,,FL,,,,,,,,no,,,no,Starbucks Coffee,Melbourne,yes,no,,,,no,,Melbourne Square Mall,10190,US,no,yes,yes,,,,,,,,no,yes,yes,yes,yes,yes,yes,no,yes,,+1 321-723-3575,,,,,,,,,,,,,,,,,,,,,,,,,,,,,,,,DoorDash;Grubhub;Uber Eats,Q20714323;Q17019647;Q21462723,Starbucks WiFi,,,,
node/12437671916,,,cafe,bubble_tea,Gong Cha,yes,144.9630337,-37.8104466,,,,,,,yes,,,,2,,Gong Cha,Q5581670,,,,,,,,,,,,,,,,,no,,,,,,,,,,,,,,,,,,,,,,,,,,,,,,,,,,,,,,,,,???,,Gong Cha,???,,,,,,,,,,,,,,,,,,,,,,,,,,,,,
node/12437695849,,,cafe,,Pause And Sip By White Mojo,,144.9629277,-37.8102807,,,,,,,yes,,,,2,,,,,,,,,,,,,,,,,,,,yes,,,,,,,,,,,,,,,,,,,,,,,,,,,,,,,,,,,,,,,,,,,,,,,,,,,,,,,,,,,,,,,,,,,,,,,,,
node/12457207736,,,cafe,coffee_shop,Little Charley Cafe,,144.9626471,-37.8092247,,,,,,,yes,,,,0,,,,,,,,,,,,,,,,,,,,yes,,,,,,,,,,,,,,,,,,,,,,,,,,,,,,,,,,,,,,,,,,,,,,,,,,,,,,,,,,,,,,,,,,,,,,,,,
node/12457207738,,,cafe,coffee_shop,Karomi Cafe,yes,144.9626451,-37.809618,,,,,,,,,,,0,,,,,,,,,,,,,,,,,,,,,,,,,,,,,,,,,,,,,,,,,,,,,,,,,,,,,,,,,,,,,,,,,,,,,,,,,,,,,,,,,,,,,,,,,,,,,
node/12479772709,,,cafe,,People's Coffee,yes,144.9599238,-37.8172096,,,,,Mo-Fr 07:00-16:00,,,,,,,,,,,,,,,,,,,,,,,,,,,,,,,,,,,,,,,,,,,,,,,,,yes,yes,,,,,,yes,yes,,,,,,,,,,,,,,,,,,,,,,,,,,,,,,,,,,,,,,,,,,
node/12482435925,,,cafe,chocolate,Max Brenner,,144.9653735,-37.8106428,,,,,,,yes,,,yes,1,,Max Brenner,Q955687,,,,,,,,,,,,,,,,,,,,,,,,,,,,,,,,,,,,,,,,,,,,,,,,,,,,,,,,,,,,,,,,Max Brenner,,,,,,,,,,,,,,,,,,,??? ????,,,,2,,,
node/12483915170,,,cafe,,Swan Lab Barista School,,144.9671232,-37.812258,,,,,,,yes,,,,1,,,,,,,,,,,,,,,,,,,,yes,,,,,,,,,,,,,,,,,,,,,,,,,,,,,,,,,,,,,,,,,,,,,,,,,,,,,,,,,,,,,,,,,,,,,,,educational_institution,,
node/12547652860,,,cafe,coffee_shop,Parlance Coffee,,144.9576095,-37.8100517,,,,,,,yes,,,,,,,,,,,,,,,,,,,,,,,,no,,,,,,,,,,,,,,,,,,,,,,,,,,,,,,,,,,,,,,,,,,,,,,,,,,,,,,,,,,,,,,,,,,,,,,,,,
node/12572860363,,,cafe,coffee_shop,Apocalypse Coffee Roasters,,-80.6229427,28.1156151,,,,,,,,,,,,,,,,,,,,,,,,,,,,,,,,,,,,,,,,,,,,,,,,,,,,,,,,,,,,,,,,,,,,,,,,,,,,,,,,,,,,,,,,,,,,,,,,,,,,,,,,
node/12572860364,,,cafe,coffee_shop,Foxtail Coffee,,-80.6235215,28.1155962,,,,,,,,,,,,,,,,,,,,,,,,,,,,,,,,,,,,,,,,,,,,,,,,,,,,,,,,,,,,,,,,,,,,,,,,,,,,,,,,,,,,,,,,,,,,,,,,,,,,,,,,
node/12588785480,,,cafe,coffee_shop,Project Zero Coffee,,144.9563295,-37.8167704,,,,,07:00-15:00,,yes,,,,,,,,,15/02/2025,,,,,projectzero.coffee,,,,,,,,,,,,,,,,,,,,,,,,,,,,,,,,,,,,,,,,yes,yes,,,,,,,,,,,,,,,,,,,,,,,,,,,,,,,,,,,,,,,,,,
node/12593749400,181,William Street,cafe,coffee_shop,People's Coffee,,144.9573025,-37.8149505,3000,Melbourne,,,Mo-Fr 07:00-16:30,+61 3 9989 3716,,https://peoplescoffee.com.au/,,yes,,,,,,,,,,,,VIC,,,,,,,,,yes,,,,,,,,,,,,,,,,,,,,,,,,,,,,,,,,,,,,,,,,,,,,,,,,,,,,,,,,,,,,,,,,,,,,,,,,,
node/12593783760,,,cafe,coffee_shop,Sargon Cafe,,144.9564593,-37.8152332,,,,,Mo-Fr 05:30-15:00,,,,,yes,,,,,,,,,,,,,,,,,,,,,,,,,,,,,,,,,,,,,,,,,,,,,,,,,,,,,,,,,,,,,,,,,,,,,,,,,,,,,,,,,,,,,,,,,,,,,,
node/12777736191,436,St Kilda Road,cafe,coffee_shop,Coffee Cart,,144.97565,-37.8379375,3004,Melbourne,,,,,,,,yes,,,,,,,,,,,,VIC,,,,,,,,,,,,,,,,,,,,,,,,,,,,,,,,,,,,,,,,,,,,,,,,,,,,,,,,,,,,,,,,,,,,,,,,,,,,,,,,,,
node/12818478476,540,Little Collins Street,cafe,bagel,Five Points Cafe,,144.9568789,-37.8170564,,,,,,,,,,,,,,,,8/05/2025,,,,1,,,,,,,,,,,,,,,,,,,,,,,,,,,,,,,,,,,,,,,,,,,,,,,,,,,,,,,,,,,,,,,,,,,,,,,,,,,,,,,,,,,,
node/12846336513,,,cafe,coffee_shop,Starbucks,,144.9660747,-37.8149193,,,,,,,yes,,,yes,,,Starbucks,Q37158,,,,,,,,,26/07/2025,no,,,,,,,,,,Starbucks Coffee,,,,,,,,,,,,,,,,,,,,,,,,,,,,,,,,,,,,,,,,,,,,,,,,,,,,,,,,,,,,,,,,,,,,,,
node/12882655698,53-57,Lonsdale Street,cafe,,CM & Co,no,144.970635,-37.8099978,,,,,Mo-Fr 06:00-15:00; Sa-Su 07:00-15:00,,,,,,,,,,,3/06/2025,,,,,,,,,,,,,,,,,,,,,,,,,,,,,,,,,,,,,,,,,,,,,,,,,,,,,,,,,,,,,,,,,,,,,,,,,,,,,,,,,,,,,,,,
node/12882660740,145,Lonsdale Street,cafe,,Tami Sweet,,144.9681424,-37.810728,,,,,,,,,,,,,,,,3/06/2025,,,,,,,,,,,,,,,,,,,,,,,,,,,,,,,,,,,,,,,,,,,,,,,,,,,,,,,,,,,,,,,,,,,,,,,,,,,,,,,,,,,,,,,,
node/12882680645,53,Lonsdale Street,cafe,,Bobby's,,144.9706829,-37.8101356,,,,,,,,,,,,,,,,3/06/2025,,,,,,,,,,,,,,,,,,,,,,,,,,,,,,,,,,,,,,,,,,,,,,,,,,,,,,,,,,,,,,,,,,,,,,,,,,,,,,,,,,,,,,,,
node/12882746941,246,Lonsdale Street,cafe,bubble_tea,Charlie's Tea,,144.9651811,-37.8115911,,,,,,,,,,,,,,,,3/06/2025,,,,,,,,,,,,,,,,,,,,,,,,,,,,,,,,,,,,,,,,,,,,,,,,,,,,,,,,,,,,,,,,,,,,,,,,,,,,,,,,,,,,,,,,
node/12957269301,580,St Kilda Road,cafe,,BENCH COFFEE CO. St Kilda Rd,,144.9793697,-37.8489056,,,,,,,,https://benchcoffee.co/,,,,,,,,,,,,,,,,,,,,,,,,,,,,,,,,,,,,,,,,,,,,,,,,,,,,,,,,,,,,,,,,,,,,,,,,,,,,,,,,,,,,,,,,,,,,,,,,
node/12975326701,276,Russell Street,cafe,japanese,Naau Cafe,,144.9670205,-37.8099972,3000,,,,Mo-Sa 07:00-17:00; Su 07:00-16:00,,,,,,,,,,,,,,,,,,,,,,,,,,,,,,,,,,,,,,,,,,,,,,,,,,,,,,,,,,,,,,,,,,,,,,,,,,,,,,,,,,,,,,,,,,,,,,,,,,yes,
node/13005683305,,,cafe,,Patricia Coffee Roasters,,144.9582379,-37.8146691,,,,,,,,,,,,,,,,,,,,,,,,,,,,,,,,,,,,,,,,,,,,,,,,,,,,,,,,,,,,,,,,,,,,,,,,,,,,,,,,,,,,,,,,,,,,,,,,,,,,,,,,
node/13005707214,,,cafe,,Moment Coffee,,144.9581735,-37.8122619,,,,,,,,,,,,,,,,,,,,,,,,,,,,,,,,,,,,,,,,,,,,,,,,,,,,,,,,,,,,,,,,,,,,,,,,,,,,,,,,,,,,,,,,,,,,,,,,,,,,,,,,
node/13010526849,,,cafe,coffee_shop,Molly Tea,,144.9607758,-37.8094938,,,,,,,only,,,no,,,,,,,,,,,,,,,,,,,,,no,,,,,,,,,,,,,,,,,,,,,,,,,,,,,,,,,,,,,,,,,,,,,,,,,,,,,,,,,,,,,,,,,,,,,,,,,
node/13010526852,,,cafe,coffee_shop,Good Bean,,144.958915,-37.8105498,,,,,,,,,,,,,,,,,,,,,,,,,,,,,,,,,,,,,,,,,,,,,,,,,,,,,,,,,,,,,,,,,,,,,,,,,,,,,,,,,,,,,,,,,,,,,,,,,,,,,,,,
node/13010526859,,,cafe,coffee_shop,Oko Cafe,,144.9598539,-37.8096928,,,,,,,,,,no,,,,,,,,,,,,,,,,,,,,,yes,,,,,,,,,,,,,,,,,,,,,,,,,,,,,,,,,,,,,,,,,,,,,,,,,,,,,,,,,,,,,,,,,,,,,,,,,
node/13010526870,,,cafe,coffee_shop,Two Pillars,,144.9606243,-37.8102988,,,,,,,,,,,,,,,,,,,,,,,,,,,,,,,,,,,,,,,,,,,,,,,,,,,,,,,,,,,,,,,,,,,,,,,,,,,,,,,,,,,,,,,,,,,,,,,,,,,,,,,,
node/13048074544,567,Collins Street,cafe,,Little Sparrow,,144.9557921,-37.8188098,,,,,Mo-Fr 06:00-15:30,,,https://littlesparrow.com/,,,,,,,,,,,,,,,,,,,,,,,,,,,,,,,,,,,,,,,,,,,,,,,,,,,,,,,,,,,,,,,,,,,,,,,,,,,,,,,,,,,,,,,,,,,,,,,,
node/13073352780,,,cafe,,Dame,,144.9724831,-37.8140961,,,,,,,,,,,0,,,,,2025-08,,,,,,,,,,,,,,,,,,,,,,,,,,,,,,,,,,,,,,,,,,,,,,,,,,,,,,,,,,,,,,,,,,,,,,,,,,,,,,,,,,,,,,,,
node/13073352791,,,cafe,,Upstanding Citizens,,144.9554362,-37.8130395,,,,,,,,,,,,,,,,2025-08,,,,,,,,,,,,,,,,,,,,,,,,,,,,,,,,,,,,,,,,,,,,,,,,,,,,,,,,,,,,,,,,,,,,,,,,,,,,,,,,,,,,,,,,
node/13108482021,,,cafe,,Prologue Cafe,,144.9660769,-37.8079247,,,,,,,,,,,,,,,,,,,,,,,,,,,,,,,,,,,,,,,,,,,,,,,,,,,,,,,,,,,,,,,,,,,,,,,,,,,,,,,,,,,,,,,,,,,,,,,,,,,,,,,,
node/13118316481,250,Queen Street,cafe,,Cafe Belt,,144.9600236,-37.8127336,3000,Melbourne,,,Mo-Su 07:00-16:00,,,,,no,,,,,,,,,,1C,,VIC,,,,,,,,,,,,,,,,,,,,,,,,,,,,,,,,,,,,,,,,,,,,,,,,,,,,,,,,,,,,,,,,,,,,,,,,,,,,,,,,,,
node/13278998701,,,cafe,,Demochi,,144.9659168,-37.8128701,,,,,,,,,,,,,,,,,,,,,,,,,,,,,,,,,,,,,,,,,,,,,,,,,,,,,,,,,,,,,,,,,,,,,,,,,,,,,,,,,,,,,,,,,,,,,,,,,,,,,,,,
node/13290671981,,,cafe,,M?rk Chocolate,,144.9654663,-37.8166168,,,,,Mo-We 07:30-16:00; Th-Fr 07:30-17:00; Sa-Su 08:00-17:00,+61 3 7015 6091,,https://morkchocolate.com.au,,,0,,M?rk Chocolate,,,10/11/2025,https://www.facebook.com/morkchocolate/,,,,https://www.instagram.com/morkchocolate,,,,,,,,,,,,,,,,,,,,,chocolate,Looking Glass,,,,,,,,,,,,,,,,no,,yes,yes,,,,,,,,,,,,,,,,,,,,,,,,,2012,,,,,,,,,,,,,,,,,
node/13305355756,,,cafe,,Kenny??,,144.9625122,-37.8179291,,,,,,,,,,,0,,,,,11/11/2025,,,,,,,,,,,,,,,,,,,,,,,,,,,,,,,,,,,,,,,,,,,,,,,,,,,,,,,,,,,,,,,,,,,,,,,,,,,,,,,,,,,,,,,,
node/13373706421,262,Lonsdale Street,cafe,coffee_shop,Fabian,,144.9643807,-37.8115105,,,,,,,,,,,,,,,,13/12/2025,,,,,,,,,,,,,,,,,,,,,,,,,,,,,,,,,,,,,,,,,,,,,,,,,,,,,,,,,,,,,,,,,,,,,,,,,,,,,,,,,,,,,,,,
node/13481539325,,,cafe,,Cafe 555,,144.9538333,-37.8127526,,,,,,,,,,,,,,,,,,,,,,,,,,,,,,,,,,,,,,,,,,,,,,,,,,,,,,,,,,,,,,,,,,,,,,,,,,,,,,,,,,,,,,,,,,,,,,,,,,,,,,,,
node/13516541144,35,Albert Road,cafe,coffee,Velvet Bean,,144.9719728,-37.8345835,,,,,,+61 468 883 802,,https://velvetbean.com.au/,,yes,,,,,,,,,,,,,,,,,,,,,,,,,,,,,,,,,,,,,,,,,,,,,,,,,,,,,,,,,,,,,,,,,,,,,,,,,,,,,,,,,,,,,,,,,,,,,,
node/13523301370,18,Merriman Lane,cafe,japanese,Omo,yes,144.9537523,-37.8141843,,,,,,,,,,,,,,,,4/02/2026,,,,,,,,,,,,,,,,,,,,,,,,,,,,,,,,,,,,,,,,,,,,,,,,,,,,,,,,,,,,,,,,,,,,,,,,,,,,,,,,,,,,,,,,
node/13523334197,260,Collins Street,cafe,matcha,Attakai,yes,144.9649908,-37.8156038,,,,,,,,https://attakai.com.au,,,,,,,,4/02/2026,,,,,,,,,,,,,,,,,,,,,,,,,,,,,,,,,,,,,,,,,,,,,,,,,,,,,,,,,,,,,,,,,,,,,,,,,,,,,,,,,,,,,,,,
node/13523348331,7,Howey Place,cafe,,Time After Time,yes,144.9653063,-37.8149526,,,,,,,,,,yes,,,,,,4/02/2026,,,,,https://www.instagram.com/timeaftertime_mel,,,,,,,,,,,,,,,,,,,,,,,,,,,,,,,,,,,,,,,,,,,,,,,,,,,,,,,,,,,,,,,,,,,,,,,,,,,,,,,,,,,
node/13545415486,124,Exhibition Street,cafe,,Tori's,yes,144.9710932,-37.8127675,,,,,,,,,,,,,,,,12/02/2026,,,,,,,,,,,,,,,,,,,,,,,,,,,,,,,,,,,,,,,,,,,,,,,,,,,,,,,,,,,,,,,,,,,,,,,,,,,,,,,,,,,,,,,,
node/13555867020,,,cafe,coffee_shop,Rosso Coffee,,144.9581907,-37.81894,,,,,,,,,,,,,,,,8/02/2026,,,,,,,,,,,,,,,,,,,,,,,,,,,,,,,,,,,,,,,,,,,,,,,,,,,,,,,,,,,,,,,,,,,,,,,,,,,,,,,,,,,,,,,,
node/13555867027,535,Flinders Lane,cafe,,Lau?? Caf? 888,limited,144.9558822,-37.8198952,,,,,,,yes,,,yes,,,,,,8/02/2026,,,,,https://www.instagram.com/laucafe888,,,,,,,,,,,,,,,,,,,,,,,,,,,yes,,,,,,,,,,,yes,,yes,yes,,,,,,,,,,,,,,,,,,,,,,,,,,,,,,,,,,,,,,,,,,
node/13555867032,,,cafe,coffee_shop,Bailey Espresso,,144.9601728,-37.8143631,,,,,,,,,,,,,,,,28/04/2026,,,,,,,,,,,,,,,,,,,,,,,,,,,,,,,,,,,,,,,,,,,,,,,,,,,,,,,,,,,,,,,,,,,,,,,,,,,,,,,,,,,,,,,,
node/13555867033,114,William Street,cafe,coffee_shop,Ari Espresso,,144.9587778,-37.8162683,,,,,,,,,,,,,,,,13/02/2026,,,,,,,,,,,,,,,,,,,,,,,,,,,,,,,,,,,,,,,,,,,yes,,yes,yes,,,,,,,,,,,,,,,,,,,,,,,,,,,,,,,,,,,,,,,,,,
node/13590601906,2242,,cafe,,Southern Sisters,,-80.6580671,28.1222708,,,,,,,,,,,,,,,,,,,,,,,,,,,,,,,,,,,,,,,,,,,,,,,,,,,,,,,,,,,,,,,,,,,,,,,,,,,,,,,,,,,,,,,,,,,,,,,,,,,,,,,,
node/13591949902,08?22?,Exhibition Street,cafe,,Little Bang Espresso,,144.9727096,-37.8154547,3000,,,,,,,https://www.littlebangespresso.com.au/,,,,,,,,12/03/2026,,,,,,,,,,,,,,,,,,,,,,,,,,,,,,,,,,,,,,,,,,,,,,,,,,,,,,,,,,,,,,,,,,,,,,,,,,,,,,,,,,,,,,,,
node/13604633052,414-418,Swanston Street,cafe,japanese,Tokyo Yokocho,,144.9634788,-37.8074605,3000,Melbourne,,wlan,Mo-Fr 11:30-19:30,,,,,yes,4,,,,,27/02/2026,,,,,,VIC,,,,,,,,,,,,,,yes,,,,,,,,,,,,,,,,,,,,,,,,,,,,,,,,,"Tokyo Yokocho brings the vibrant spirit of Japan?? backstreet eateries straight to campus. Designed with students in mind, we serve up generous portions of authentic Japanese favourites at prices that won?? break a student budget. From hearty rice bowls &",,,,,,,,,,,,,,,,,,,,,,,,,,,,,,,,,,,
node/13604634998,394-412,Swanston Street,cafe,coffee_shop;sandwich;pastry,Standing Room,yes,144.9633611,-37.8078582,3000,Melbourne,,,Mo-Fr 08:00-16:00,,,https://standingroomcoffee.com.au/,,yes,4,no,,,,27/02/2026,,,,,,VIC,,,,,,,,,,,,,,yes,,,,,,,,,,,,,,,,,,,,,,,,,,,,,,,,,,,,,,,,,,,,50,,,,,,,,,,,,,,,,,,,,,,,,
node/13660181211,,,cafe,,EARL Canteen,,144.9619511,-37.8159709,,,,,,,,,,yes,,,,,,,,,,,,,,,,,,,,,,,,,,,,,,,,,,,,,,,,,,,,,,,,,,,,,,,,,,,,,,,,,,,,,,,,,,,,,,,,,,,,,,,,,,,,,,
node/13673730101,37,Swanston Street,cafe,,Cathedral Coffee,,144.9666961,-37.8166535,,,,,,,,,,,,,,,,,,,,,,,,,,,,,,,,,,,,,,,,,,,,,,,,,,,,,,,,,,,,,,,,,,,,,,,,,,,,,,,,,,,,,,,,,,,,,,,,,,,,,,,,
node/13681204294,394-412,Swanston Street,cafe,coffee_shop;pastry;cake,Little Bang Espresso,yes,144.9633413,-37.8079337,3000,Melbourne,,,Mo-Th 07:00-16:00; Fr 07:00-15:00,,yes,https://www.littlebangespresso.com.au/,,no,2,no,,,,26/03/2026,,,,,,VIC,,,,,,,,,,,,,,yes,,,,,,,,,,,,,,,,,,,,,,,,,yes,yes,,yes,,,,,,,,,,,,,,,,40,,,,,"We??e passionate about making exceptional coffee & creating memorable, everyday moments with our community. We believe a great caf? can brighten your day,  through a perfectly made flat white, a flaky croissant, or a friendly chat with our team",,,,,,,,,,,,,,,,,,,
node/13681217906,,Bowen Street,cafe,coffee_shop;cake;sandwich;pastry,Bowen Street Cafe,,144.9637597,-37.8075777,3000,Melbourne,,,Mo-Fr 07:00-16:00,,,,,yes,4,no,,,,26/03/2026,,,,,,VIC,,,,,,,,,,,,,,yes,,,,,,,,,,,,,,,,,,,yes,,,,,,,,,,,,,,,,,,,,,,,,,75,,,,,"Your local spot, for fresh food & friendly service. We??e known for our specialty coffee & our freshly made paninis. Our menu also features focaccias, soups, Middle Eastern pastries, fresh salads, sweets, pastries & our popular $9 Toastie & Coffee deal",,,,,,,,,,,,,,,,,,,
node/13686247287,,,cafe,,Finch Coffee,,144.9708964,-37.8085416,,,,,,,,,,,,,,,,,,,,,,,,,,,,,,,,,,,,,,,,,,,,,,,,,,,,,,,,,,,,,,,,,,,,,,,,,,,,,,,,,,,,,,,,,,,,,,,,,,,,,,,,
node/13696404264,,,cafe,korean;breakfast;coffee_shop,Three Drops Cafe,,144.9655524,-37.8150827,,,,,,,,,,no,,,,,,,,,,,https://www.instagram.com/threedropscoffee/,,,,,,,,,,,,,,,,,,,,,,,,,,,,,,,,,,,,,,,,,,,,,,,,,,,,,,,,,,,,,,,,,,,,,,,,,,,,,,,,,,,
node/13712972704,,,cafe,,Rosso Coffee,,144.9578372,-37.8181677,,,,,,,,,,yes,,,,,,,,,,,,,,,,,,,,,,,,,,,,,,,,,,,,,,,,,,,,,,,,,,,,,,,,,,,,,,,,,,,,,,,,,,,,,,,,,,,,,,,,,,,,,,
node/13747584877,124,La Trobe Street,cafe,wraps;coffee_shop;sandwich;juice;tea;salad;pastry,Arch & Stone,yes,144.9651976,-37.8088002,3000,Melbourne,,yes,Mo-Fr 08:00-16:00,,,,,yes,1,no,,,,21/04/2026,,catering@archandstone.com.au,,,,VIC,,,,,,,,no,,,,,,yes,,,,,yes,,,,,,,,,,,,,,yes,,,,,,yes,yes,,yes,yes,,,,,,,,,,,,,,,100,,,,,,,22/04/2026,,,,,,,,,,,,,,,,,
node/13747662875,124,La Trobe Street,cafe,,Arch & Stone Outdoor Dining,yes,144.9651002,-37.8087224,3000,Melbourne,,wlan,Mo-Fr 08:00-16:00,,,,,yes,1,no,,,,22/04/2026,,,,,,VIC,,,,,,,,,,,,,,no,,,,,,,,,,,,,,,,,,,,,,,,,,,,yes,,,,,,,,,,,,,,,,50,,,,,,,15/04/2026,,,,,,,,,,,,,,,,,
node/13778393700,,,cafe,,The Alley Edition,,144.965306,-37.8151716,,,,,,,,,,yes,,,,,,,,,,,,,,,,,,,,,,,,,,,,,,,,,,,,,,,,,,,,,,,,,,,,,,,,,,,,,,,,,,,,,,,,,,,,,,,,,,,,,,,,,,,,,,
node/13780588565,,,cafe,,Dymocks Cafe,,144.9658137,-37.8153501,,,,,,,,,,,,,,,,,,,,,,,,,,,,,,,,,,,,,,,,,,,,,,,,,,,,,,,,,,,,,,,,,,,,,,,,,,,,,,,,,,,,,,,,,,,,,,,,,,,,,,,,
node/13783844600,,,cafe,coffee_shop,Little Avenue,,144.9597575,-37.8140276,,,,,Mo-Th 07:00-15:30; Fr 07:00-15:00; Sa-Su off,,,,,,,,,,,28/04/2026,,,,,,,,,,,,,,,,,,,,,,,,,,,,,,,,,,,,,,,,,,,no,,yes,yes,,,,,,,,,,,,,,,,,,,,,,,,,,,,,,,,,,,,,,,,,,
node/13784145799,,,cafe,,Lafayette,,144.9644251,-37.8157393,,,,,,,,,,no,,,,,,,,,,,,,,,,,,,,,,,,,,,,,,,,,,,,,,,,,,,,,,,,,,,,,,,,,,,,,,,,,,,,,,,,,,,,,,,,,,,,,,,,,,,,,,https://www.instagram.com/lafayettemelb/
node/13794345662,,,cafe,,Parlance Coffee,,144.9631385,-37.8124898,,,,,,,,,,,,,,,,,,,,,,,,,,,,,,,,,,,,,,,,,,,,,,,,,,,,,,,,,,,,,,,,,,,,,,,,,,,,,,,,,,,,,,,,,,,,,,,,,,,,,,,,
node/13804096401,728,East New Haven Avenue,cafe,,Moon River Cafe & Curiosities,,-80.6080617,28.0787272,32901,,,,"Th-Su 09:00-15:00; We 09:00-15:00, 17:00-21:00",,,http://themoonrivercafe.com,,,,,,,,6/05/2026,,,,,,,6/05/2026,,,,,,,,,,,,,,,,,,,,,,,,,,,,,,,,,,,,,,,,,,,,,,,,,,,,,,,,,,,,,,,,,,,,,,,,,,,,,,,,,
node/13810407796,,,cafe,,Ari Espresso,,144.9620019,-37.8169826,,,,,,,,,,,,,,,,,,,,,,,,,,,,,,,,,,,,,,,,,,,,,,,,,,,,,,,,,,,,,,,,,,,,,,,,,,,,,,,,,,,,,,,,,,,,,,,,,,,,,,,,
node/13810407797,,,cafe,,Three Beans,,144.9625039,-37.8168334,,,,,,,,,,,,,,,,,,,,,,,,,,,,,,,,,,,,,,,,,,,,,,,,,,,,,,,,,,,,,,,,,,,,,,,,,,,,,,,,,,,,,,,,,,,,,,,,,,,,,,,,
node/13821330872,133-135,Victoria Street,cafe,,Hideaway Melbourne,,144.9571196,-37.8061677,,,,,,,,,,,,,,,,,,,,,,,,,,,,,,,,,,,,,,,,,,,,,,,,,,,,,,,,,,,,,,,,,,,,,,,,,,,,,,,,,,,,,,,,,,,,,,,,,,,,,,,,
node/13822926314,,,cafe,,Axil Coffee,,144.9688067,-37.8168818,,,,,,,,,,,,,,,,,,,,,,,,,,,,,,,,,,,,,,,,,,,,,,,,,,,,,,,,,,,,,,,,,,,,,,,,,,,,,,,,,,,,,,,,,,,,,,,,,,,,,,,,
node/13826992064,345,Little Collins Street,cafe,coffee_shop,Industry Beans,,144.9632621,-37.8154045,,Melbourne,,,,,,https://industrybeans.com/pages/little-collins-cafe,,,,,,,,,,,,,,VIC,,,,,,,,,,,,,,,,,,,,,,,,,,,,,,,,,,,,,,,,,,,,,,,,,,,,,,,,,,,,,,,,,,,,,,,,,,,,,,,,,,
